date,statistic,depth,temp_surface,salinity_surface,DO_perc_surface,DO_surface,pH_surface,temp_bottom,salinity_bottom,DO_perc_bottom,DO_bottom,pH_bottom,nitrate,nitrite,ammonia,phosphate,silica,turbidity,,,,,,,,,,,,,,,,,,,,,,,,,,,,,,,,,,,,,,,,,,,,,,,,,,,
05/27/2014,Mean,49.60,25.28,22.65,93.38,6.77,7.95,26.28,28.14,89.98,6.28,8.05,0.81,0.0502,0.01,0.25,6.4,5.5,,,,,,,,,,,,,,,,,,,,,,,,,,,,,,,,,,,,,,,,,,,,,,,,,,,
05/27/2014,Stdv,10.92,0.57,9.12,13.82,1.06,0.19,1.09,4.64,18.91,1.31,0.15,0.57,0.1127,0.01,0.49,4.8,6.9,,,,,,,,,,,,,,,,,,,,,,,,,,,,,,,,,,,,,,,,,,,,,,,,,,,
05/27/2014,Min,39,24.29,9.28,69.2,4.79,7.67,24.71,19.5,63.3,4.38,7.86,0.33,0,0,0,1,0,,,,,,,,,,,,,,,,,,,,,,,,,,,,,,,,,,,,,,,,,,,,,,,,,,,
05/27/2014,Max,68,25.64,32.36,110,7.71,8.19,27.98,32.17,114.3,7.73,8.2,1.86,0.28,0.03,1.25,13,19,,,,,,,,,,,,,,,,,,,,,,,,,,,,,,,,,,,,,,,,,,,,,,,,,,,
05/27/2014,N,5,5,6,6,6,6,6,6,6,6,6,6,6,6,6,5,6,,,,,,,,,,,,,,,,,,,,,,,,,,,,,,,,,,,,,,,,,,,,,,,,,,,
06/05/2014,Mean,58.50,26.03,23.20,119.44,8.06,8.30,26.56,25.59,120.66,8.60,8.45,0.77,0.0444,0.01,0.30,7.0,6.4,,,,,,,,,,,,,,,,,,,,,,,,,,,,,,,,,,,,,,,,,,,,,,,,,,,
06/05/2014,Stdv,12.47,0.58,4.78,20.04,0.73,0.19,0.71,2.31,17.08,1.11,0.11,0.16,0.1250,0.01,0.72,3.3,6.4,,,,,,,,,,,,,,,,,,,,,,,,,,,,,,,,,,,,,,,,,,,,,,,,,,,
06/05/2014,Min,47,24.97,14.01,96.1,7.27,7.8,25.01,21.9,97.6,6.78,8.26,0.5,0,0,0,3,0,,,,,,,,,,,,,,,,,,,,,,,,,,,,,,,,,,,,,,,,,,,,,,,,,,,
06/05/2014,Max,91,26.81,28.7,164.8,9.65,8.49,27.45,28.71,150.2,10.41,8.66,1.05,0.4,0.02,2.35,13,20,,,,,,,,,,,,,,,,,,,,,,,,,,,,,,,,,,,,,,,,,,,,,,,,,,,
06/05/2014,N,10,10,10,10,10,10,10,10,10,10,10,10,10,10,10,10,10,,,,,,,,,,,,,,,,,,,,,,,,,,,,,,,,,,,,,,,,,,,,,,,,,,,
06/19/2014,Mean,65.22,25.88,27.54,109.61,7.52,8.39,26.39,29.75,114.53,7.82,8.43,1.07,0.0041,0.01,0.08,5.2,6.9,,,,,,,,,,,,,,,,,,,,,,,,,,,,,,,,,,,,,,,,,,,,,,,,,,,
06/19/2014,Stdv,11.08,0.55,4.10,14.40,0.81,0.11,0.47,2.14,14.56,1.16,0.08,0.42,0.0040,0.01,0.06,2.5,4.2,,,,,,,,,,,,,,,,,,,,,,,,,,,,,,,,,,,,,,,,,,,,,,,,,,,
06/19/2014,Min,55,24.69,19.6,89.9,6.31,8.19,25.81,27.09,94.4,6.14,8.34,0.47,0,0,0,3,0,,,,,,,,,,,,,,,,,,,,,,,,,,,,,,,,,,,,,,,,,,,,,,,,,,,
06/19/2014,Max,93,26.54,32.37,130.2,8.84,8.53,27.29,33.51,138.2,9.55,8.56,1.59,0.012,0.03,0.2,10,14,,,,,,,,,,,,,,,,,,,,,,,,,,,,,,,,,,,,,,,,,,,,,,,,,,,
06/19/2014,N,9,9,9,9,8,9,9,9,9,9,9,9,9,8,9,9,9,,,,,,,,,,,,,,,,,,,,,,,,,,,,,,,,,,,,,,,,,,,,,,,,,,,
06/26/2014,Mean,48.40,25.48,28.16,71.79,5.10,7.99,25.67,29.03,69.25,4.84,7.98,0.97,0.0038,0.03,0.27,5.3,7.4,,,,,,,,,,,,,,,,,,,,,,,,,,,,,,,,,,,,,,,,,,,,,,,,,,,
06/26/2014,Stdv,10.80,0.39,2.03,16.34,1.11,0.08,0.33,1.31,16.86,1.21,0.09,0.79,0.0031,0.02,0.65,2.3,6.4,,,,,,,,,,,,,,,,,,,,,,,,,,,,,,,,,,,,,,,,,,,,,,,,,,,
06/26/2014,Min,37,24.7,24.04,48.5,3.52,7.83,25.23,26.22,45.3,3.14,7.84,0.31,0,0,0,3,0,,,,,,,,,,,,,,,,,,,,,,,,,,,,,,,,,,,,,,,,,,,,,,,,,,,
06/26/2014,Max,70,26.02,30.5,98.4,7.02,8.11,26.11,30.58,95.7,6.74,8.14,2.53,0.007,0.06,2.13,11,18,,,,,,,,,,,,,,,,,,,,,,,,,,,,,,,,,,,,,,,,,,,,,,,,,,,
06/26/2014,N,10,10,10,10,10,10,10,10,10,10,10,10,10,10,10,9,10,,,,,,,,,,,,,,,,,,,,,,,,,,,,,,,,,,,,,,,,,,,,,,,,,,,
07/02/2014,Mean,57.30,26.50,25.43,93.59,6.53,8.17,26.94,27.17,89.67,6.10,8.20,0.78,0.0263,0.04,0.10,6.8,3.5,,,,,,,,,,,,,,,,,,,,,,,,,,,,,,,,,,,,,,,,,,,,,,,,,,,
07/02/2014,Stdv,12.98,0.37,3.88,6.79,0.40,0.09,0.82,2.55,16.85,1.22,0.08,0.29,0.0716,0.03,0.10,3.3,2.5,,,,,,,,,,,,,,,,,,,,,,,,,,,,,,,,,,,,,,,,,,,,,,,,,,,
07/02/2014,Min,45,25.89,18.36,82.8,5.77,8.01,25.76,23.37,45.8,2.83,8,0.04,0.001,0,0,3,0,,,,,,,,,,,,,,,,,,,,,,,,,,,,,,,,,,,,,,,,,,,,,,,,,,,
07/02/2014,Max,91,27.13,29.59,102.1,7,8.29,28.9,30.5,105,7.08,8.29,1.13,0.23,0.08,0.34,13,8,,,,,,,,,,,,,,,,,,,,,,,,,,,,,,,,,,,,,,,,,,,,,,,,,,,
07/02/2014,N,10,10,10,10,10,10,10,10,10,10,10,10,10,10,10,10,10,,,,,,,,,,,,,,,,,,,,,,,,,,,,,,,,,,,,,,,,,,,,,,,,,,,
07/07/2014,Mean,70.10,26.87,25.18,118.31,8.10,8.34,27.52,29.95,150.96,10.15,8.48,0.64,0.0028,0.02,0.10,4.2,1.4,,,,,,,,,,,,,,,,,,,,,,,,,,,,,,,,,,,,,,,,,,,,,,,,,,,
07/07/2014,Stdv,9.68,0.43,3.66,20.63,1.20,0.13,0.60,3.53,32.67,2.07,0.11,0.41,0.0022,0.02,0.06,1.3,1.0,,,,,,,,,,,,,,,,,,,,,,,,,,,,,,,,,,,,,,,,,,,,,,,,,,,
07/07/2014,Min,58,26.36,18.03,92.2,6.7,8.02,26.72,25.73,112.5,7.71,8.35,0.15,0,0,0.008,3,0,,,,,,,,,,,,,,,,,,,,,,,,,,,,,,,,,,,,,,,,,,,,,,,,,,,
07/07/2014,Max,89,27.78,30.82,164.5,10.95,8.48,28.25,33.8,196.3,13.1,8.65,1.44,0.007,0.06,0.19,7,3,,,,,,,,,,,,,,,,,,,,,,,,,,,,,,,,,,,,,,,,,,,,,,,,,,,
07/07/2014,N,10,10,10,10,10,10,10,10,10,10,10,10,10,10,10,10,10,,,,,,,,,,,,,,,,,,,,,,,,,,,,,,,,,,,,,,,,,,,,,,,,,,,
07/09/2014,Mean,72.00,26.66,26.65,111.10,7.71,8.24,26.75,28.30,116.21,7.93,8.32,1.05,0.0107,0.01,0.07,5.5,3.4,,,,,,,,,,,,,,,,,,,,,,,,,,,,,,,,,,,,,,,,,,,,,,,,,,,
07/09/2014,Stdv,13.91,0.42,5.58,21.01,1.38,0.22,0.22,4.67,22.25,1.57,0.09,0.53,0.0179,0.01,0.05,3.3,3.9,,,,,,,,,,,,,,,,,,,,,,,,,,,,,,,,,,,,,,,,,,,,,,,,,,,
07/09/2014,Min,48,25.9,18.35,80.2,6.18,7.67,26.48,23.73,86.8,5.98,8.18,0.35,0,0,0,1,0,,,,,,,,,,,,,,,,,,,,,,,,,,,,,,,,,,,,,,,,,,,,,,,,,,,
07/09/2014,Max,96,27.3,34.78,151.1,10.58,8.45,27.2,34.81,148.8,10.5,8.47,2.17,0.06,0.03,0.14,12,13,,,,,,,,,,,,,,,,,,,,,,,,,,,,,,,,,,,,,,,,,,,,,,,,,,,
07/09/2014,N,10,10,10,10,10,10,10,10,10,10,10,10,10,10,10,10,10,,,,,,,,,,,,,,,,,,,,,,,,,,,,,,,,,,,,,,,,,,,,,,,,,,,
07/14/2014,Mean,49.50,28.19,22.85,121.19,8.14,8.21,28.79,25.89,125.59,8.33,8.34,0.65,0.0038,0.02,0.06,7.8,8.6,,,,,,,,,,,,,,,,,,,,,,,,,,,,,,,,,,,,,,,,,,,,,,,,,,,
07/14/2014,Stdv,14.34,0.85,7.99,28.58,1.48,0.33,0.44,4.65,35.93,2.34,0.28,0.29,0.0027,0.02,0.05,5.7,6.6,,,,,,,,,,,,,,,,,,,,,,,,,,,,,,,,,,,,,,,,,,,,,,,,,,,
07/14/2014,Min,35,26.5,7.08,76.1,5.92,7.51,27.83,18.7,78,4.83,7.82,0.29,0,0,0,0,0,,,,,,,,,,,,,,,,,,,,,,,,,,,,,,,,,,,,,,,,,,,,,,,,,,,
07/14/2014,Max,85,29.07,32.41,158.3,10.03,8.54,29.3,31.21,179.2,11.83,8.7,1.02,0.008,0.08,0.13,19,16,,,,,,,,,,,,,,,,,,,,,,,,,,,,,,,,,,,,,,,,,,,,,,,,,,,
07/14/2014,N,10,10,10,10,10,10,10,10,10,10,10,10,10,10,10,10,10,,,,,,,,,,,,,,,,,,,,,,,,,,,,,,,,,,,,,,,,,,,,,,,,,,,
07/16/2014,Mean,56.30,27.48,24.30,96.20,6.60,8.14,28.22,28.23,94.89,6.36,8.24,0.69,0.0059,0.00,0.08,7.1,4.9,,,,,,,,,,,,,,,,,,,,,,,,,,,,,,,,,,,,,,,,,,,,,,,,,,,
07/16/2014,Stdv,10.19,0.61,6.48,11.16,0.58,0.17,0.67,2.32,18.28,1.26,0.18,0.42,0.0047,0.01,0.03,3.8,6.3,,,,,,,,,,,,,,,,,,,,,,,,,,,,,,,,,,,,,,,,,,,,,,,,,,,
07/16/2014,Min,43,26.4,11.41,78.9,5.61,7.75,27.48,24.84,48.9,3.25,7.83,0.21,0,0,0.02,2,0,,,,,,,,,,,,,,,,,,,,,,,,,,,,,,,,,,,,,,,,,,,,,,,,,,,
07/16/2014,Max,76,28.31,31.7,115.1,7.5,8.35,29.6,31.79,113.1,7.81,8.58,1.64,0.015,0.02,0.11,13,18,,,,,,,,,,,,,,,,,,,,,,,,,,,,,,,,,,,,,,,,,,,,,,,,,,,
07/16/2014,N,10,10,10,10,10,10,10,10,10,10,10,10,10,10,10,10,10,,,,,,,,,,,,,,,,,,,,,,,,,,,,,,,,,,,,,,,,,,,,,,,,,,,
07/21/2014,Mean,91.70,29.00,3.31,78.12,5.72,7.75,27.82,25.32,91.31,6.22,8.06,0.00,0.0036,0.18,0.15,9.4,28.9,,,,,,,,,,,,,,,,,,,,,,,,,,,,,,,,,,,,,,,,,,,,,,,,,,,
07/21/2014,Stdv,10.76,0.60,2.09,7.47,0.48,0.14,0.27,1.27,14.69,0.97,0.23,0.00,0.0036,0.05,0.08,2.6,5.2,,,,,,,,,,,,,,,,,,,,,,,,,,,,,,,,,,,,,,,,,,,,,,,,,,,
07/21/2014,Min,80,28.18,1.48,66.7,4.89,7.47,27.31,22.75,64.4,4.42,7.5,0,0,0.1,0,6,20,,,,,,,,,,,,,,,,,,,,,,,,,,,,,,,,,,,,,,,,,,,,,,,,,,,
07/21/2014,Max,117,29.78,8.7,93.2,6.5,7.93,28.14,27.47,113.9,7.77,8.27,0,0.009,0.25,0.31,13,38,,,,,,,,,,,,,,,,,,,,,,,,,,,,,,,,,,,,,,,,,,,,,,,,,,,
07/21/2014,N,10,10,10,10,10,10,10,10,10,10,10,10,10,10,10,10,10,,,,,,,,,,,,,,,,,,,,,,,,,,,,,,,,,,,,,,,,,,,,,,,,,,,
07/23/2014,Mean,46.38,24.97,4.83,85.69,6.90,7.68,25.94,11.93,78.55,6.08,7.64,0.10,0.0015,0.11,0.12,13.1,15.0,,,,,,,,,,,,,,,,,,,,,,,,,,,,,,,,,,,,,,,,,,,,,,,,,,,
07/23/2014,Stdv,11.01,0.49,4.72,13.96,1.06,0.35,1.01,3.08,16.40,1.10,0.41,0.15,0.0019,0.06,0.07,5.3,6.9,,,,,,,,,,,,,,,,,,,,,,,,,,,,,,,,,,,,,,,,,,,,,,,,,,,
07/23/2014,Min,35,24.2,0.29,59.4,5.02,7.01,24.85,7.32,48,4.25,6.9,0,0,0.02,0.01,4,5,,,,,,,,,,,,,,,,,,,,,,,,,,,,,,,,,,,,,,,,,,,,,,,,,,,
07/23/2014,Max,69,25.66,13.52,103,8.6,8.11,27.99,16.8,100.5,7.58,8.09,0.4,0.005,0.23,0.2,19,24,,,,,,,,,,,,,,,,,,,,,,,,,,,,,,,,,,,,,,,,,,,,,,,,,,,
07/23/2014,N,8,8,8,8,8,8,8,7,8,8,8,8,8,8,8,8,8,,,,,,,,,,,,,,,,,,,,,,,,,,,,,,,,,,,,,,,,,,,,,,,,,,,
07/29/2014,Mean,57.71,28.45,20.02,117.76,8.38,8.33,29.29,24.09,135.24,9.03,8.45,0.60,0.0073,0.01,0.20,9.0,6.7,,,,,,,,,,,,,,,,,,,,,,,,,,,,,,,,,,,,,,,,,,,,,,,,,,,
07/29/2014,Stdv,12.93,0.90,7.71,21.35,1.51,0.29,0.52,3.22,17.76,1.25,0.18,0.36,0.0052,0.01,0.16,5.2,5.9,,,,,,,,,,,,,,,,,,,,,,,,,,,,,,,,,,,,,,,,,,,,,,,,,,,
07/29/2014,Min,47,27,6.72,92.9,7.07,7.78,28.54,20.41,113.9,7.5,8.15,0.16,0.001,0,0.05,3,0,,,,,,,,,,,,,,,,,,,,,,,,,,,,,,,,,,,,,,,,,,,,,,,,,,,
07/29/2014,Max,84,29.17,29.42,151.4,10.5,8.67,30.01,29.55,162,10.71,8.67,1.23,0.016,0.03,0.48,18,15,,,,,,,,,,,,,,,,,,,,,,,,,,,,,,,,,,,,,,,,,,,,,,,,,,,
07/29/2014,N,7,6,7,7,7,7,7,7,7,7,7,7,7,7,7,7,7,,,,,,,,,,,,,,,,,,,,,,,,,,,,,,,,,,,,,,,,,,,,,,,,,,,
07/30/2014,Mean,48.88,25.34,21.89,88.03,6.48,8.22,26.54,25.74,74.79,5.40,8.20,0.63,0.0045,0.01,0.13,6.5,3.5,,,,,,,,,,,,,,,,,,,,,,,,,,,,,,,,,,,,,,,,,,,,,,,,,,,
07/30/2014,Stdv,8.68,1.11,4.84,9.06,0.98,0.11,0.67,1.54,16.45,0.83,0.11,0.37,0.0046,0.01,0.16,3.9,3.3,,,,,,,,,,,,,,,,,,,,,,,,,,,,,,,,,,,,,,,,,,,,,,,,,,,
07/30/2014,Min,40,23.7,15.31,73.4,5.11,8.05,25.44,23.54,44,4.39,8.07,0.06,0,0,0,3,0,,,,,,,,,,,,,,,,,,,,,,,,,,,,,,,,,,,,,,,,,,,,,,,,,,,
07/30/2014,Max,67,26.83,26.5,102.8,8.36,8.37,27.35,27.5,95.8,6.54,8.36,1.05,0.011,0.02,0.51,12,10,,,,,,,,,,,,,,,,,,,,,,,,,,,,,,,,,,,,,,,,,,,,,,,,,,,
07/30/2014,N,8,8,8,8,8,8,8,8,8,8,8,8,8,8,8,8,8,,,,,,,,,,,,,,,,,,,,,,,,,,,,,,,,,,,,,,,,,,,,,,,,,,,
08/06/2014,Mean,44.40,25.62,21.18,91.00,6.53,8.11,25.90,23.21,84.16,5.99,8.11,0.70,0.0022,0.01,0.29,7.8,11.7,,,,,,,,,,,,,,,,,,,,,,,,,,,,,,,,,,,,,,,,,,,,,,,,,,,
08/06/2014,Stdv,7.49,0.51,6.68,8.98,0.63,0.17,0.64,3.08,16.53,1.18,0.17,0.30,0.0026,0.01,0.40,4.8,13.7,,,,,,,,,,,,,,,,,,,,,,,,,,,,,,,,,,,,,,,,,,,,,,,,,,,
08/06/2014,Min,35,24.86,4.97,77.9,5.91,7.69,25.04,19.55,46.4,3.28,7.71,0.04,0,0,0,1,0,,,,,,,,,,,,,,,,,,,,,,,,,,,,,,,,,,,,,,,,,,,,,,,,,,,
08/06/2014,Max,60,26.44,29.6,106.5,7.7,8.31,27.3,29.66,108.9,7.63,8.36,1.08,0.008,0.04,1.39,14,48,,,,,,,,,,,,,,,,,,,,,,,,,,,,,,,,,,,,,,,,,,,,,,,,,,,
08/06/2014,N,10,10,10,10,10,10,10,10,10,10,10,10,10,10,10,10,10,,,,,,,,,,,,,,,,,,,,,,,,,,,,,,,,,,,,,,,,,,,,,,,,,,,
08/11/2014,Mean,66.60,32.33,30.90,122.74,7.50,8.26,32.42,32.49,136.27,8.27,8.43,1.29,0.0043,0.00,0.01,3.6,10.8,,,,,,,,,,,,,,,,,,,,,,,,,,,,,,,,,,,,,,,,,,,,,,,,,,,
08/11/2014,Stdv,12.95,1.69,3.67,25.13,1.45,0.14,1.64,1.61,17.80,1.05,0.26,0.27,0.0023,0.00,0.02,1.8,6.8,,,,,,,,,,,,,,,,,,,,,,,,,,,,,,,,,,,,,,,,,,,,,,,,,,,
08/11/2014,Min,45,28.52,22.74,101.4,6.05,8.08,28.63,28.29,111.8,6.7,8.15,0.9,0,0,0,2,0,,,,,,,,,,,,,,,,,,,,,,,,,,,,,,,,,,,,,,,,,,,,,,,,,,,
08/11/2014,Max,81,34.17,34.14,178.9,10.74,8.52,34.06,34.11,160.5,9.74,8.91,1.82,0.007,0,0.04,8,22,,,,,,,,,,,,,,,,,,,,,,,,,,,,,,,,,,,,,,,,,,,,,,,,,,,
08/11/2014,N,10,10,10,10,10,10,10,10,10,10,10,10,10,10,9,10,10,,,,,,,,,,,,,,,,,,,,,,,,,,,,,,,,,,,,,,,,,,,,,,,,,,,
08/13/2014,Mean,47.60,30.83,29.99,111.51,6.98,8.20,31.24,31.81,120.37,7.38,8.20,0.25,0.0057,0.00,0.14,5.9,13.5,,,,,,,,,,,,,,,,,,,,,,,,,,,,,,,,,,,,,,,,,,,,,,,,,,,
08/13/2014,Stdv,6.28,0.78,4.92,24.57,1.34,0.14,0.47,1.72,26.13,1.53,0.21,0.43,0.0051,0.01,0.09,5.5,9.9,,,,,,,,,,,,,,,,,,,,,,,,,,,,,,,,,,,,,,,,,,,,,,,,,,,
08/13/2014,Min,37,29.46,18,86.7,5.49,8.02,30.64,27.74,74.4,4.9,7.71,0,0,0,0.06,3,5,,,,,,,,,,,,,,,,,,,,,,,,,,,,,,,,,,,,,,,,,,,,,,,,,,,
08/13/2014,Max,55,31.84,33.64,169,10.24,8.51,32.02,33.57,166.9,10.35,8.51,1.38,0.017,0.03,0.3,21,38,,,,,,,,,,,,,,,,,,,,,,,,,,,,,,,,,,,,,,,,,,,,,,,,,,,
08/13/2014,N,10,10,10,10,10,10,10,10,10,10,10,10,10,10,10,10,10,,,,,,,,,,,,,,,,,,,,,,,,,,,,,,,,,,,,,,,,,,,,,,,,,,,
08/19/2014,Mean,85.30,27.73,27.51,110.09,7.45,8.27,28.01,32.04,114.31,8.49,8.40,0.33,0.0030,0.00,0.09,6.5,8.6,,,,,,,,,,,,,,,,,,,,,,,,,,,,,,,,,,,,,,,,,,,,,,,,,,,
08/19/2014,Stdv,8.46,0.34,4.84,11.21,0.64,0.16,0.29,1.77,37.15,1.32,0.12,0.40,0.0035,0.00,0.19,3.7,7.7,,,,,,,,,,,,,,,,,,,,,,,,,,,,,,,,,,,,,,,,,,,,,,,,,,,
08/19/2014,Min,77,27.16,19.78,93.8,6.41,7.91,27.45,29.29,17.55,6.77,8.2,0,0,0,0,3,0,,,,,,,,,,,,,,,,,,,,,,,,,,,,,,,,,,,,,,,,,,,,,,,,,,,
08/19/2014,Max,105,28.23,33.65,132.2,8.72,8.47,28.51,34.31,148.7,11,8.58,1.18,0.01,0,0.6,14,27,,,,,,,,,,,,,,,,,,,,,,,,,,,,,,,,,,,,,,,,,,,,,,,,,,,
08/19/2014,N,10,10,10,10,10,10,10,10,10,10,10,8,10,7,10,10,10,,,,,,,,,,,,,,,,,,,,,,,,,,,,,,,,,,,,,,,,,,,,,,,,,,,
08/21/2014,Mean,97.10,27.00,27.45,110.69,7.51,8.27,27.34,32.61,106.89,7.71,8.34,0.83,0.0270,0.05,0.11,4.5,4.9,,,,,,,,,,,,,,,,,,,,,,,,,,,,,,,,,,,,,,,,,,,,,,,,,,,
08/21/2014,Stdv,9.92,0.38,5.80,13.82,0.78,0.12,0.17,2.14,36.69,0.95,0.10,0.44,0.0333,0.04,0.10,3.9,3.7,,,,,,,,,,,,,,,,,,,,,,,,,,,,,,,,,,,,,,,,,,,,,,,,,,,
08/21/2014,Min,85,26.43,19.04,91.8,6.36,8.07,27.06,28.57,11.9,6.06,8.18,0.27,0,0,0,0,0,,,,,,,,,,,,,,,,,,,,,,,,,,,,,,,,,,,,,,,,,,,,,,,,,,,
08/21/2014,Max,118,27.57,34.34,130.9,8.89,8.42,27.54,34.46,135.9,8.89,8.46,1.67,0.1,0.1,0.24,10,11,,,,,,,,,,,,,,,,,,,,,,,,,,,,,,,,,,,,,,,,,,,,,,,,,,,
08/21/2014,N,10,10,10,10,10,10,10,10,10,10,10,10,10,10,10,10,10,,,,,,,,,,,,,,,,,,,,,,,,,,,,,,,,,,,,,,,,,,,,,,,,,,,
08/25/2014,Mean,91.78,28.88,29.50,117.30,7.65,8.33,28.80,32.64,124.01,8.00,8.33,0.35,0.0097,0.00,0.24,4.3,4.9,,,,,,,,,,,,,,,,,,,,,,,,,,,,,,,,,,,,,,,,,,,,,,,,,,,
08/25/2014,Stdv,13.29,0.39,4.96,13.73,0.88,0.10,0.56,1.68,16.48,1.06,0.10,0.26,0.0134,0.00,0.28,1.5,5.4,,,,,,,,,,,,,,,,,,,,,,,,,,,,,,,,,,,,,,,,,,,,,,,,,,,
08/25/2014,Min,72,28.03,19.32,101.1,6.59,8.22,28.05,30.26,100.6,6.5,8.23,0,0,0,0.05,2,0,,,,,,,,,,,,,,,,,,,,,,,,,,,,,,,,,,,,,,,,,,,,,,,,,,,
08/25/2014,Max,120,29.42,35.18,145.8,9.23,8.56,29.99,35.19,146,9.4,8.47,0.71,0.045,0,0.73,7,13,,,,,,,,,,,,,,,,,,,,,,,,,,,,,,,,,,,,,,,,,,,,,,,,,,,
08/25/2014,N,9,9,9,9,9,9,9,9,9,9,9,9,9,9,9,9,9,,,,,,,,,,,,,,,,,,,,,,,,,,,,,,,,,,,,,,,,,,,,,,,,,,,
08/28/2014,Mean,61.44,26.62,28.03,73.67,5.06,8.14,27.38,31.05,58.41,3.88,8.08,0.43,0.0048,0.03,0.94,5.3,4.2,,,,,,,,,,,,,,,,,,,,,,,,,,,,,,,,,,,,,,,,,,,,,,,,,,,
08/28/2014,Stdv,10.42,0.56,3.46,9.87,0.77,0.11,0.56,1.74,16.94,1.13,0.14,0.32,0.0040,0.05,0.34,3.4,7.5,,,,,,,,,,,,,,,,,,,,,,,,,,,,,,,,,,,,,,,,,,,,,,,,,,,
08/28/2014,Min,50,25.7,21.91,58,3.71,7.96,26.35,28.79,37,2.42,7.82,0,0.001,0,0.53,3,0,,,,,,,,,,,,,,,,,,,,,,,,,,,,,,,,,,,,,,,,,,,,,,,,,,,
08/28/2014,Max,85,27.57,32.53,84.4,5.86,8.27,28.17,32.85,82.1,5.57,8.27,0.86,0.012,0.14,1.46,14,23,,,,,,,,,,,,,,,,,,,,,,,,,,,,,,,,,,,,,,,,,,,,,,,,,,,
08/28/2014,N,9,9,9,9,9,9,9,9,9,9,9,9,9,7,6,9,9,,,,,,,,,,,,,,,,,,,,,,,,,,,,,,,,,,,,,,,,,,,,,,,,,,,
09/02/2014,Mean,85.56,29.66,27.74,76.67,5.06,7.76,30.42,33.24,108.49,6.71,8.00,0.72,0.0063,0.02,0.41,5.2,6.1,,,,,,,,,,,,,,,,,,,,,,,,,,,,,,,,,,,,,,,,,,,,,,,,,,,
09/02/2014,Stdv,10.38,0.49,5.90,9.07,0.60,0.09,0.35,0.98,33.80,1.99,0.18,0.31,0.0050,0.03,0.21,3.5,9.6,,,,,,,,,,,,,,,,,,,,,,,,,,,,,,,,,,,,,,,,,,,,,,,,,,,
09/02/2014,Min,71,29.05,13.62,61.9,4.01,7.6,30.09,32.15,59.2,3.76,7.67,0.32,0,0,0.18,2,0,,,,,,,,,,,,,,,,,,,,,,,,,,,,,,,,,,,,,,,,,,,,,,,,,,,
09/02/2014,Max,107,30.44,32.65,88.8,5.73,7.88,31.16,34.52,149.9,8.99,8.19,1.3,0.016,0.07,0.71,12,24,,,,,,,,,,,,,,,,,,,,,,,,,,,,,,,,,,,,,,,,,,,,,,,,,,,
09/02/2014,N,9,9,9,9,9,9,9,9,9,9,9,9,9,9,8,9,9,,,,,,,,,,,,,,,,,,,,,,,,,,,,,,,,,,,,,,,,,,,,,,,,,,,
09/04/2014,Mean,,28.15,24.17,,,7.84,28.35,30.44,,,7.93,,,,,,,,,,,,,,,,,,,,,,,,,,,,,,,,,,,,,,,,,,,,,,,,,,,,,,,,,
09/04/2014,Stdv,,0.72,7.88,,,0.13,0.40,2.29,,,0.06,,,,,,,,,,,,,,,,,,,,,,,,,,,,,,,,,,,,,,,,,,,,,,,,,,,,,,,,,
09/04/2014,Min,,26.89,8.79,,,7.51,27.92,27.57,,,7.81,,,,,,,,,,,,,,,,,,,,,,,,,,,,,,,,,,,,,,,,,,,,,,,,,,,,,,,,,
09/04/2014,Max,,29,34.94,,,7.97,29.07,34.8,,,8,,,,,,,,,,,,,,,,,,,,,,,,,,,,,,,,,,,,,,,,,,,,,,,,,,,,,,,,,
09/04/2014,N,0,10,10,0,0,10,10,10,0,0,10,0,0,0,0,0,0,,,,,,,,,,,,,,,,,,,,,,,,,,,,,,,,,,,,,,,,,,,,,,,,,,,
09/08/2014,Mean,111.30,29.76,29.94,103.81,6.81,7.96,29.17,33.86,115.80,7.39,8.04,0.30,0.0046,0.00,0.15,6.5,7.5,,,,,,,,,,,,,,,,,,,,,,,,,,,,,,,,,,,,,,,,,,,,,,,,,,,
09/08/2014,Stdv,14.38,1.88,4.20,10.19,0.57,0.08,0.29,1.59,16.72,1.03,0.06,0.35,0.0022,0.00,0.09,4.7,6.0,,,,,,,,,,,,,,,,,,,,,,,,,,,,,,,,,,,,,,,,,,,,,,,,,,,
09/08/2014,Min,99,28.13,22.11,82.9,6.02,7.84,28.74,32.27,101.1,6.43,7.98,0,0,0,0.02,2,1,,,,,,,,,,,,,,,,,,,,,,,,,,,,,,,,,,,,,,,,,,,,,,,,,,,
09/08/2014,Max,147,34.85,34.86,123.6,8.14,8.1,29.69,37.3,147.5,9.37,8.16,1.02,0.008,0.01,0.3,17,18,,,,,,,,,,,,,,,,,,,,,,,,,,,,,,,,,,,,,,,,,,,,,,,,,,,
09/08/2014,N,10,10,10,10,10,10,10,10,10,10,10,10,10,10,10,10,10,,,,,,,,,,,,,,,,,,,,,,,,,,,,,,,,,,,,,,,,,,,,,,,,,,,
09/11/2014,Mean,67.50,27.20,26.88,76.38,5.19,7.72,28.46,33.12,56.95,3.68,7.76,1.05,0.0036,0.00,0.87,8.8,7.5,,,,,,,,,,,,,,,,,,,,,,,,,,,,,,,,,,,,,,,,,,,,,,,,,,,
09/11/2014,Stdv,9.87,0.64,6.21,7.64,0.51,0.22,0.26,1.11,15.58,1.04,0.11,0.29,0.0037,0.01,0.61,3.8,7.3,,,,,,,,,,,,,,,,,,,,,,,,,,,,,,,,,,,,,,,,,,,,,,,,,,,
09/11/2014,Min,58,26.36,13.01,61.2,4.61,7.13,28.03,30.99,31,1.87,7.53,0.63,0,0,0.28,4,0,,,,,,,,,,,,,,,,,,,,,,,,,,,,,,,,,,,,,,,,,,,,,,,,,,,
09/11/2014,Max,90,27.89,32.67,90.1,6.34,7.87,28.86,34.38,75,4.92,7.89,1.55,0.009,0.02,2.27,17,23,,,,,,,,,,,,,,,,,,,,,,,,,,,,,,,,,,,,,,,,,,,,,,,,,,,
09/11/2014,N,10,10,10,10,10,10,10,10,10,10,10,10,10,8,9,10,10,,,,,,,,,,,,,,,,,,,,,,,,,,,,,,,,,,,,,,,,,,,,,,,,,,,
09/16/2014,Mean,82.60,28.60,30.82,55.65,3.66,7.69,29.13,33.29,48.26,3.20,7.71,0.48,0.0039,0.05,0.22,4.9,7.0,,,,,,,,,,,,,,,,,,,,,,,,,,,,,,,,,,,,,,,,,,,,,,,,,,,
09/16/2014,Stdv,12.71,0.51,2.08,12.99,0.84,0.11,0.50,1.24,18.41,1.07,0.12,0.37,0.0024,0.08,0.17,2.1,4.9,,,,,,,,,,,,,,,,,,,,,,,,,,,,,,,,,,,,,,,,,,,,,,,,,,,
09/16/2014,Min,66,27.79,27.51,38.2,2.47,7.51,28.34,31.38,30.5,2,7.58,0,0,0,0,1,0,,,,,,,,,,,,,,,,,,,,,,,,,,,,,,,,,,,,,,,,,,,,,,,,,,,
09/16/2014,Max,113,29.31,34.34,82.7,5.33,7.9,29.77,34.99,79.3,5,7.92,0.99,0.007,0.23,0.5,8,15,,,,,,,,,,,,,,,,,,,,,,,,,,,,,,,,,,,,,,,,,,,,,,,,,,,
09/16/2014,N,10,10,10,10,10,10,10,10,10,10,10,10,10,10,10,10,10,,,,,,,,,,,,,,,,,,,,,,,,,,,,,,,,,,,,,,,,,,,,,,,,,,,
09/17/2014,Mean,64.80,28.54,30.54,61.17,4.06,7.73,29.17,31.65,50.21,3.27,7.68,0.84,0.0036,0.00,0.68,3.9,1.4,,,,,,,,,,,,,,,,,,,,,,,,,,,,,,,,,,,,,,,,,,,,,,,,,,,
09/17/2014,Stdv,12.82,0.97,2.14,15.67,1.01,0.09,0.97,1.51,17.85,1.15,0.13,0.31,0.0024,0.00,0.70,1.7,3.1,,,,,,,,,,,,,,,,,,,,,,,,,,,,,,,,,,,,,,,,,,,,,,,,,,,
09/17/2014,Min,50,27.43,26.71,33,2.13,7.61,27.86,29.75,25.4,1.63,7.48,0.27,0,0,0.16,2,0,,,,,,,,,,,,,,,,,,,,,,,,,,,,,,,,,,,,,,,,,,,,,,,,,,,
09/17/2014,Max,94,29.85,34.77,82.5,5.21,7.91,30.73,34.82,82,5.23,7.92,1.27,0.006,0,2.2,7,9,,,,,,,,,,,,,,,,,,,,,,,,,,,,,,,,,,,,,,,,,,,,,,,,,,,
09/17/2014,N,10,10,10,10,10,10,10,10,10,10,10,10,10,10,9,10,10,,,,,,,,,,,,,,,,,,,,,,,,,,,,,,,,,,,,,,,,,,,,,,,,,,,
09/22/2014,Mean,96.90,30.51,30.75,115.02,7.23,7.95,30.61,33.86,125.28,7.62,8.01,0.77,0.0026,0.00,0.11,5.7,4.5,,,,,,,,,,,,,,,,,,,,,,,,,,,,,,,,,,,,,,,,,,,,,,,,,,,
09/22/2014,Stdv,9.05,0.97,5.43,13.14,0.71,0.07,0.41,0.73,18.39,0.78,0.06,0.32,0.0020,0.01,0.05,3.5,5.6,,,,,,,,,,,,,,,,,,,,,,,,,,,,,,,,,,,,,,,,,,,,,,,,,,,
09/22/2014,Min,87,29.01,19.27,93.6,6.41,7.86,30.12,32.85,102.8,6.43,7.92,0.28,0,0,0.02,2,0,,,,,,,,,,,,,,,,,,,,,,,,,,,,,,,,,,,,,,,,,,,,,,,,,,,
09/22/2014,Max,117,32.78,34.92,133.4,8.45,8.07,31.38,34.98,162.1,9.21,8.09,1.29,0.006,0.02,0.18,13,15,,,,,,,,,,,,,,,,,,,,,,,,,,,,,,,,,,,,,,,,,,,,,,,,,,,
09/22/2014,N,10,10,10,10,10,10,10,10,10,10,10,10,10,10,10,10,10,,,,,,,,,,,,,,,,,,,,,,,,,,,,,,,,,,,,,,,,,,,,,,,,,,,
09/25/2014,Mean,59.10,27.18,27.71,83.27,5.64,7.74,28.17,30.26,72.11,4.79,7.77,0.74,0.0042,0.02,0.38,4.8,9.6,,,,,,,,,,,,,,,,,,,,,,,,,,,,,,,,,,,,,,,,,,,,,,,,,,,
09/25/2014,Stdv,8.56,0.65,4.29,10.31,0.85,0.13,1.53,2.62,17.58,1.17,0.06,0.32,0.0076,0.02,0.51,1.9,13.6,,,,,,,,,,,,,,,,,,,,,,,,,,,,,,,,,,,,,,,,,,,,,,,,,,,
09/25/2014,Min,49,26.16,20.93,61.6,4.03,7.41,26.85,25.61,32.7,2.09,7.66,0.22,0,0,0,2,0,,,,,,,,,,,,,,,,,,,,,,,,,,,,,,,,,,,,,,,,,,,,,,,,,,,
09/25/2014,Max,80,28.11,32.7,96,6.78,7.85,32.32,32.72,90,6.08,7.86,1.47,0.025,0.05,1.57,7,42,,,,,,,,,,,,,,,,,,,,,,,,,,,,,,,,,,,,,,,,,,,,,,,,,,,
09/25/2014,N,10,10,10,10,10,10,10,9,9,10,10,10,10,10,8,10,10,,,,,,,,,,,,,,,,,,,,,,,,,,,,,,,,,,,,,,,,,,,,,,,,,,,
09/30/2014,Mean,74.33,29.41,30.72,76.36,4.96,7.79,29.84,33.57,88.62,5.22,7.87,0.88,0.0042,0.00,0.21,5.3,6.0,,,,,,,,,,,,,,,,,,,,,,,,,,,,,,,,,,,,,,,,,,,,,,,,,,,
09/30/2014,Stdv,10.74,0.31,1.70,10.77,0.77,0.06,0.44,2.01,24.45,1.79,0.11,0.25,0.0044,0.01,0.06,1.2,1.9,,,,,,,,,,,,,,,,,,,,,,,,,,,,,,,,,,,,,,,,,,,,,,,,,,,
09/30/2014,Min,62,28.75,27.29,60.3,3.83,7.72,28.88,29.67,47.4,2.56,7.74,0.46,0,0,0.11,4,4,,,,,,,,,,,,,,,,,,,,,,,,,,,,,,,,,,,,,,,,,,,,,,,,,,,
09/30/2014,Max,98,29.69,32.64,93.3,6.13,7.89,30.3,37.51,124.2,7.58,8.03,1.27,0.013,0.02,0.29,8,9,,,,,,,,,,,,,,,,,,,,,,,,,,,,,,,,,,,,,,,,,,,,,,,,,,,
09/30/2014,N,9,9,9,9,9,9,9,9,9,9,9,9,9,9,9,9,9,,,,,,,,,,,,,,,,,,,,,,,,,,,,,,,,,,,,,,,,,,,,,,,,,,,
10/02/2014,Mean,93.80,28.60,24.47,79.74,5.40,7.74,29.68,31.88,61.67,3.97,7.77,0.66,0.0036,0.01,0.91,9.2,3.5,,,,,,,,,,,,,,,,,,,,,,,,,,,,,,,,,,,,,,,,,,,,,,,,,,,
10/02/2014,Stdv,14.21,0.94,7.17,11.11,0.84,0.18,0.71,1.43,26.81,1.74,0.17,0.35,0.0027,0.01,0.69,3.7,4.5,,,,,,,,,,,,,,,,,,,,,,,,,,,,,,,,,,,,,,,,,,,,,,,,,,,
10/02/2014,Min,80,27.08,13.16,64.3,4.49,7.28,28.76,30.27,30.4,1.89,7.55,0.07,0,0,0.13,3,0,,,,,,,,,,,,,,,,,,,,,,,,,,,,,,,,,,,,,,,,,,,,,,,,,,,
10/02/2014,Max,131,29.76,34.43,92.6,6.8,7.91,30.47,34.76,101.4,6.48,7.98,1.31,0.008,0.03,2.24,15,10,,,,,,,,,,,,,,,,,,,,,,,,,,,,,,,,,,,,,,,,,,,,,,,,,,,
10/02/2014,N,10,10,10,10,10,10,10,10,10,10,10,10,10,10,10,10,10,,,,,,,,,,,,,,,,,,,,,,,,,,,,,,,,,,,,,,,,,,,,,,,,,,,
10/07/2014,Mean,97.30,29.75,33.57,93.24,6.64,7.99,29.84,34.19,99.59,6.17,7.97,0.73,0.0051,0.00,0.17,2.4,2.2,,,,,,,,,,,,,,,,,,,,,,,,,,,,,,,,,,,,,,,,,,,,,,,,,,,
10/07/2014,Stdv,11.97,0.68,0.61,29.95,0.42,0.06,0.60,0.31,12.99,0.95,0.07,0.23,0.0043,0.00,0.09,0.8,3.2,,,,,,,,,,,,,,,,,,,,,,,,,,,,,,,,,,,,,,,,,,,,,,,,,,,
10/07/2014,Min,88,28.8,32.53,11.3,6.01,7.85,29.04,33.83,76.1,4.33,7.85,0.43,0,0,0.09,1,0,,,,,,,,,,,,,,,,,,,,,,,,,,,,,,,,,,,,,,,,,,,,,,,,,,,
10/07/2014,Max,128,30.73,34.44,113.2,7.22,8.05,30.56,34.67,115.7,7.21,8.05,1.12,0.013,0,0.38,4,10,,,,,,,,,,,,,,,,,,,,,,,,,,,,,,,,,,,,,,,,,,,,,,,,,,,
10/07/2014,N,10,10,10,10,10,10,10,10,10,10,10,10,10,10,10,10,10,,,,,,,,,,,,,,,,,,,,,,,,,,,,,,,,,,,,,,,,,,,,,,,,,,,
10/09/2014,Mean,85.50,29.86,30.87,124.36,7.91,8.00,30.19,33.05,141.16,8.87,8.07,0.81,0.0029,0.00,1.23,6.0,4.4,,,,,,,,,,,,,,,,,,,,,,,,,,,,,,,,,,,,,,,,,,,,,,,,,,,
10/09/2014,Stdv,12.30,0.81,3.82,14.81,0.82,0.08,0.48,1.05,16.90,1.10,0.08,0.26,0.0020,0.00,0.62,2.5,3.9,,,,,,,,,,,,,,,,,,,,,,,,,,,,,,,,,,,,,,,,,,,,,,,,,,,
10/09/2014,Min,70,28.15,23.01,100.9,6.62,7.85,29.45,31.61,116.5,7.32,7.97,0.34,0,0,0.39,3,0,,,,,,,,,,,,,,,,,,,,,,,,,,,,,,,,,,,,,,,,,,,,,,,,,,,
10/09/2014,Max,115,30.77,34.67,148.9,9.41,8.14,30.78,34.67,175.6,11.15,8.18,1.31,0.006,0,2.26,10,11,,,,,,,,,,,,,,,,,,,,,,,,,,,,,,,,,,,,,,,,,,,,,,,,,,,
10/09/2014,N,10,10,10,10,10,10,10,10,10,10,10,10,10,10,9,10,10,,,,,,,,,,,,,,,,,,,,,,,,,,,,,,,,,,,,,,,,,,,,,,,,,,,
10/13/2014,Mean,76.10,25.93,26.71,93.31,6.53,7.86,26.46,30.76,85.44,5.76,7.86,0.73,0.0034,0.00,1.10,7.5,6.6,,,,,,,,,,,,,,,,,,,,,,,,,,,,,,,,,,,,,,,,,,,,,,,,,,,
10/13/2014,Stdv,7.69,0.51,3.82,7.24,0.61,0.07,0.46,1.34,7.72,0.51,0.06,0.34,0.0028,0.00,0.87,2.3,3.8,,,,,,,,,,,,,,,,,,,,,,,,,,,,,,,,,,,,,,,,,,,,,,,,,,,
10/13/2014,Min,66,25.19,20.15,84.6,5.69,7.72,25.85,28.92,73.4,5.01,7.77,0.13,0,0,0.25,5,0,,,,,,,,,,,,,,,,,,,,,,,,,,,,,,,,,,,,,,,,,,,,,,,,,,,
10/13/2014,Max,93,27.03,32.92,110.4,7.98,7.96,27.23,33.1,95,6.47,7.94,1.33,0.008,0.01,2.18,13,13,,,,,,,,,,,,,,,,,,,,,,,,,,,,,,,,,,,,,,,,,,,,,,,,,,,
10/13/2014,N,10,10,10,10,10,10,10,10,10,10,10,10,10,10,6,10,10,,,,,,,,,,,,,,,,,,,,,,,,,,,,,,,,,,,,,,,,,,,,,,,,,,,
10/15/2014,Mean,73.70,28.56,27.27,80.15,5.32,7.81,29.20,32.35,115.23,7.38,7.97,0.58,0.0018,0.00,1.28,7.8,4.4,,,,,,,,,,,,,,,,,,,,,,,,,,,,,,,,,,,,,,,,,,,,,,,,,,,
10/15/2014,Stdv,13.21,0.39,3.12,17.99,1.30,0.08,0.65,1.20,37.69,2.35,0.14,0.39,0.0020,0.00,0.32,4.0,2.7,,,,,,,,,,,,,,,,,,,,,,,,,,,,,,,,,,,,,,,,,,,,,,,,,,,
10/15/2014,Min,54,27.99,22.05,53.4,3.35,7.69,28.53,30.01,72.2,4.68,7.8,0,0,0,0.81,0,0,,,,,,,,,,,,,,,,,,,,,,,,,,,,,,,,,,,,,,,,,,,,,,,,,,,
10/15/2014,Max,104,29.25,31.15,105.3,7.28,7.94,30.25,33.58,196.6,12.43,8.24,1.07,0.006,0,1.63,15,8,,,,,,,,,,,,,,,,,,,,,,,,,,,,,,,,,,,,,,,,,,,,,,,,,,,
10/15/2014,N,10,10,10,10,10,10,10,10,10,10,10,10,10,10,5,10,10,,,,,,,,,,,,,,,,,,,,,,,,,,,,,,,,,,,,,,,,,,,,,,,,,,,
10/20/2014,Mean,77.60,27.65,6.65,89.17,6.78,7.63,27.29,25.99,112.28,7.70,7.92,0.09,0.0028,0.05,1.16,17.2,17.2,,,,,,,,,,,,,,,,,,,,,,,,,,,,,,,,,,,,,,,,,,,,,,,,,,,
10/20/2014,Stdv,9.97,0.32,4.54,7.75,0.61,0.15,0.26,1.88,29.13,1.98,0.22,0.13,0.0040,0.01,0.55,1.9,6.2,,,,,,,,,,,,,,,,,,,,,,,,,,,,,,,,,,,,,,,,,,,,,,,,,,,
10/20/2014,Min,68,27.03,2.36,75.1,5.61,7.34,26.73,22.48,66.3,4.62,7.47,0,0,0.04,0.47,14,10,,,,,,,,,,,,,,,,,,,,,,,,,,,,,,,,,,,,,,,,,,,,,,,,,,,
10/20/2014,Max,102,28.01,18.71,96.6,7.63,7.87,27.64,28.4,155.3,10.65,8.21,0.34,0.012,0.05,2.26,20,33,,,,,,,,,,,,,,,,,,,,,,,,,,,,,,,,,,,,,,,,,,,,,,,,,,,
10/20/2014,N,10,10,10,10,10,10,10,10,10,10,10,10,10,10,9,10,10,,,,,,,,,,,,,,,,,,,,,,,,,,,,,,,,,,,,,,,,,,,,,,,,,,,
10/22/2014,Mean,85.60,28.31,20.52,96.58,6.73,7.91,28.84,30.46,119.87,7.80,8.05,0.39,0.0051,0.02,0.81,10.8,1.6,,,,,,,,,,,,,,,,,,,,,,,,,,,,,,,,,,,,,,,,,,,,,,,,,,,
10/22/2014,Stdv,11.68,0.40,7.57,9.66,0.60,0.11,0.38,1.49,15.52,0.87,0.10,0.27,0.0021,0.01,0.37,4.1,3.1,,,,,,,,,,,,,,,,,,,,,,,,,,,,,,,,,,,,,,,,,,,,,,,,,,,
10/22/2014,Min,72,27.8,10.96,84.4,5.41,7.66,28.26,27.53,94.2,6.4,7.87,0,0.002,0,0.28,3,0,,,,,,,,,,,,,,,,,,,,,,,,,,,,,,,,,,,,,,,,,,,,,,,,,,,
10/22/2014,Max,111,28.96,31.14,114.3,7.5,8.04,29.63,32.26,140.9,9.23,8.2,0.79,0.009,0.03,1.31,15,10,,,,,,,,,,,,,,,,,,,,,,,,,,,,,,,,,,,,,,,,,,,,,,,,,,,
10/22/2014,N,10,10,10,10,10,10,10,10,10,10,10,10,10,10,5,10,10,,,,,,,,,,,,,,,,,,,,,,,,,,,,,,,,,,,,,,,,,,,,,,,,,,,
10/23/2014,Mean,58.30,27.00,23.45,75.33,5.29,7.75,28.07,31.61,63.00,4.11,7.79,,,,,,,,,,,,,,,,,,,,,,,,,,,,,,,,,,,,,,,,,,,,,,,,,,,,,,,,,
10/23/2014,Stdv,7.17,0.86,6.95,11.51,0.69,0.19,0.19,1.21,12.82,0.86,0.09,,,,,,,,,,,,,,,,,,,,,,,,,,,,,,,,,,,,,,,,,,,,,,,,,,,,,,,,,
10/23/2014,Min,50,25.16,9.81,52.4,4.45,7.29,27.73,29.97,42.9,2.8,7.62,,,,,,,,,,,,,,,,,,,,,,,,,,,,,,,,,,,,,,,,,,,,,,,,,,,,,,,,,
10/23/2014,Max,74,27.86,30.99,87.3,6.09,7.91,28.44,33.12,86.5,5.5,7.92,,,,,,,,,,,,,,,,,,,,,,,,,,,,,,,,,,,,,,,,,,,,,,,,,,,,,,,,,
10/23/2014,N,10,10,10,10,10,10,10,10,10,10,10,0,0,0,0,0,0,,,,,,,,,,,,,,,,,,,,,,,,,,,,,,,,,,,,,,,,,,,,,,,,,,,
10/27/2014,Mean,65.50,26.60,20.62,98.83,7.02,7.88,27.86,29.45,110.86,7.30,8.00,0.89,0.0046,0.02,1.02,10.4,2.9,,,,,,,,,,,,,,,,,,,,,,,,,,,,,,,,,,,,,,,,,,,,,,,,,,,
10/27/2014,Stdv,13.88,0.85,9.29,12.43,0.62,0.19,0.48,2.88,34.73,2.15,0.20,0.47,0.0043,0.02,0.72,5.5,3.2,,,,,,,,,,,,,,,,,,,,,,,,,,,,,,,,,,,,,,,,,,,,,,,,,,,
10/27/2014,Min,52,25.3,5.07,74.4,5.93,7.39,27.11,25.38,79.1,5.14,7.6,0.12,0,0,0.24,3,0,,,,,,,,,,,,,,,,,,,,,,,,,,,,,,,,,,,,,,,,,,,,,,,,,,,
10/27/2014,Max,100,27.96,32.58,121.7,8.01,8.09,28.56,33.27,178.8,11.73,8.33,1.76,0.014,0.04,2.05,20,8,,,,,,,,,,,,,,,,,,,,,,,,,,,,,,,,,,,,,,,,,,,,,,,,,,,
10/27/2014,N,10,10,10,10,10,10,10,10,10,10,10,10,10,10,7,10,10,,,,,,,,,,,,,,,,,,,,,,,,,,,,,,,,,,,,,,,,,,,,,,,,,,,
10/29/2014,Mean,63.67,27.21,23.37,105.90,7.46,7.94,27.82,27.71,133.53,9.71,8.14,0.10,0.0043,0.12,0.41,6.7,3.4,,,,,,,,,,,,,,,,,,,,,,,,,,,,,,,,,,,,,,,,,,,,,,,,,,,
10/29/2014,Stdv,8.44,0.38,3.82,10.87,0.58,0.08,0.58,1.88,30.51,2.73,0.19,0.17,0.0024,0.30,0.49,3.6,2.5,,,,,,,,,,,,,,,,,,,,,,,,,,,,,,,,,,,,,,,,,,,,,,,,,,,
10/29/2014,Min,55,26.51,17.37,92.2,6.7,7.85,27.27,24.77,104.5,7.21,7.93,0,0.001,0.01,0,0,0,,,,,,,,,,,,,,,,,,,,,,,,,,,,,,,,,,,,,,,,,,,,,,,,,,,
10/29/2014,Max,80,27.82,27.88,125,8.4,8.04,28.67,31.24,193.4,15,8.45,0.48,0.01,0.91,1.12,11,7,,,,,,,,,,,,,,,,,,,,,,,,,,,,,,,,,,,,,,,,,,,,,,,,,,,
10/29/2014,N,9,9,9,9,8,8,9,9,8,9,9,9,9,9,4,9,9,,,,,,,,,,,,,,,,,,,,,,,,,,,,,,,,,,,,,,,,,,,,,,,,,,,
10/30/2014,Mean,87.11,25.08,23.59,80.68,5.82,7.76,25.86,30.44,72.40,4.82,7.82,,,,,,,,,,,,,,,,,,,,,,,,,,,,,,,,,,,,,,,,,,,,,,,,,,,,,,,,,
10/30/2014,Stdv,4.68,0.54,6.01,6.49,0.53,0.15,0.27,3.71,14.18,0.93,0.09,,,,,,,,,,,,,,,,,,,,,,,,,,,,,,,,,,,,,,,,,,,,,,,,,,,,,,,,,
10/30/2014,Min,80,24.52,15.79,66.7,4.83,7.38,25.39,25.2,46.6,3.29,7.67,,,,,,,,,,,,,,,,,,,,,,,,,,,,,,,,,,,,,,,,,,,,,,,,,,,,,,,,,
10/30/2014,Max,92,26.03,33.87,86.8,6.5,7.9,26.24,33.87,91.3,6.12,7.95,,,,,,,,,,,,,,,,,,,,,,,,,,,,,,,,,,,,,,,,,,,,,,,,,,,,,,,,,
10/30/2014,N,9,9,9,9,9,9,9,9,9,9,9,0,0,0,0,0,0,,,,,,,,,,,,,,,,,,,,,,,,,,,,,,,,,,,,,,,,,,,,,,,,,,,
11/03/2014,Mean,79.33,27.13,19.86,103.54,7.40,7.92,27.20,30.48,124.13,8.29,8.04,0.56,0.0014,0.02,1.40,7.2,1.8,,,,,,,,,,,,,,,,,,,,,,,,,,,,,,,,,,,,,,,,,,,,,,,,,,,
11/03/2014,Stdv,11.45,0.29,6.62,8.51,0.42,0.23,0.41,2.61,17.34,1.05,0.08,0.37,0.0014,0.01,0.74,3.3,3.6,,,,,,,,,,,,,,,,,,,,,,,,,,,,,,,,,,,,,,,,,,,,,,,,,,,
11/03/2014,Min,63,26.74,7.76,86,6.55,7.45,26.5,26.09,106.2,7.31,7.92,0,0,0,0.34,3,0,,,,,,,,,,,,,,,,,,,,,,,,,,,,,,,,,,,,,,,,,,,,,,,,,,,
11/03/2014,Max,100,27.57,27.08,117.4,8.03,8.37,27.77,33.58,162,10.56,8.16,1.25,0.003,0.03,2.59,13,11,,,,,,,,,,,,,,,,,,,,,,,,,,,,,,,,,,,,,,,,,,,,,,,,,,,
11/03/2014,N,9,10,10,10,10,10,10,10,10,10,10,10,10,10,9,10,10,,,,,,,,,,,,,,,,,,,,,,,,,,,,,,,,,,,,,,,,,,,,,,,,,,,
11/06/2014,Mean,60.30,24.30,21.48,83.57,6.15,7.79,25.52,28.10,75.69,5.29,7.80,0.43,0.0042,0.05,0.53,8.2,7.6,,,,,,,,,,,,,,,,,,,,,,,,,,,,,,,,,,,,,,,,,,,,,,,,,,,
11/06/2014,Stdv,8.42,0.67,9.21,10.16,0.77,0.17,0.65,4.69,6.19,0.59,0.06,0.28,0.0031,0.09,0.30,5.2,6.8,,,,,,,,,,,,,,,,,,,,,,,,,,,,,,,,,,,,,,,,,,,,,,,,,,,
11/06/2014,Min,50,23.3,6.55,58.6,4.84,7.34,24.5,20.51,67.3,4.57,7.71,0,0,0,0.27,3,0,,,,,,,,,,,,,,,,,,,,,,,,,,,,,,,,,,,,,,,,,,,,,,,,,,,
11/06/2014,Max,78,25.36,31.05,95.1,7.46,7.91,26.27,33.32,84.4,6.2,7.88,0.84,0.009,0.27,1,18,18,,,,,,,,,,,,,,,,,,,,,,,,,,,,,,,,,,,,,,,,,,,,,,,,,,,
11/06/2014,N,10,10,10,10,10,10,10,10,9,9,10,10,10,10,5,10,10,,,,,,,,,,,,,,,,,,,,,,,,,,,,,,,,,,,,,,,,,,,,,,,,,,,
11/11/2014,Mean,65.70,26.77,31.96,85.39,5.65,7.90,27.05,33.84,94.25,6.11,7.98,1.16,0.0033,0.01,1.98,5.6,9.7,,,,,,,,,,,,,,,,,,,,,,,,,,,,,,,,,,,,,,,,,,,,,,,,,,,
11/11/2014,Stdv,12.73,0.47,2.45,18.46,1.21,0.10,0.32,0.49,17.44,1.15,0.07,0.71,0.0024,0.01,,2.6,6.1,,,,,,,,,,,,,,,,,,,,,,,,,,,,,,,,,,,,,,,,,,,,,,,,,,,
11/11/2014,Min,54,26.1,26.22,56,3.87,7.76,26.54,32.8,61,3.77,7.89,0.26,0,0,1.98,2,3,,,,,,,,,,,,,,,,,,,,,,,,,,,,,,,,,,,,,,,,,,,,,,,,,,,
11/11/2014,Max,98,27.56,34.02,114,7.43,8.05,27.61,34.51,112.3,7.38,8.06,2.51,0.007,0.03,1.98,9,20,,,,,,,,,,,,,,,,,,,,,,,,,,,,,,,,,,,,,,,,,,,,,,,,,,,
11/11/2014,N,10,10,10,10,10,10,10,10,10,10,10,10,10,10,1,10,10,,,,,,,,,,,,,,,,,,,,,,,,,,,,,,,,,,,,,,,,,,,,,,,,,,,
11/12/2014,Mean,61.90,28.47,29.93,81.06,5.34,7.87,29.13,32.98,104.71,6.63,8.03,0.59,0.0017,0.06,0.80,6.0,4.1,,,,,,,,,,,,,,,,,,,,,,,,,,,,,,,,,,,,,,,,,,,,,,,,,,,
11/12/2014,Stdv,8.18,0.61,2.72,17.84,1.13,0.09,0.74,0.50,38.56,2.34,0.16,0.19,0.0027,0.08,0.42,3.7,3.5,,,,,,,,,,,,,,,,,,,,,,,,,,,,,,,,,,,,,,,,,,,,,,,,,,,
11/12/2014,Min,52,27.83,23.8,57.7,3.81,7.77,28.37,32.05,60.7,3.9,7.78,0.21,0,0,0.36,3,2,,,,,,,,,,,,,,,,,,,,,,,,,,,,,,,,,,,,,,,,,,,,,,,,,,,
11/12/2014,Max,81,29.75,32.58,108.6,7.02,8.07,30.34,33.87,186.7,11.59,8.24,0.8,0.009,0.22,1.72,15,12,,,,,,,,,,,,,,,,,,,,,,,,,,,,,,,,,,,,,,,,,,,,,,,,,,,
11/12/2014,N,10,10,10,10,10,10,10,10,10,10,10,10,10,10,9,10,10,,,,,,,,,,,,,,,,,,,,,,,,,,,,,,,,,,,,,,,,,,,,,,,,,,,
11/13/2014,Mean,84.50,26.40,30.05,54.72,3.75,7.76,26.63,33.40,50.23,3.36,7.78,,,,,,,,,,,,,,,,,,,,,,,,,,,,,,,,,,,,,,,,,,,,,,,,,,,,,,,,,
11/13/2014,Stdv,8.15,1.04,1.80,13.95,1.03,0.07,0.86,0.76,21.00,1.43,0.16,,,,,,,,,,,,,,,,,,,,,,,,,,,,,,,,,,,,,,,,,,,,,,,,,,,,,,,,,
11/13/2014,Min,74,24.97,26.87,24.5,1.62,7.63,25.94,32.47,9.7,0.63,7.54,,,,,,,,,,,,,,,,,,,,,,,,,,,,,,,,,,,,,,,,,,,,,,,,,,,,,,,,,
11/13/2014,Max,99,27.67,31.97,72.2,5.11,7.88,28.06,34.39,75.5,5.06,7.95,,,,,,,,,,,,,,,,,,,,,,,,,,,,,,,,,,,,,,,,,,,,,,,,,,,,,,,,,
11/13/2014,N,10,10,10,10,10,10,10,10,10,10,10,0,0,0,0,0,0,,,,,,,,,,,,,,,,,,,,,,,,,,,,,,,,,,,,,,,,,,,,,,,,,,,
11/14/2014,Mean,71.90,25.96,27.83,66.50,4.66,7.73,26.52,31.47,70.91,4.75,7.82,0.19,0.0047,0.02,0.15,3.9,6.1,,,,,,,,,,,,,,,,,,,,,,,,,,,,,,,,,,,,,,,,,,,,,,,,,,,
11/14/2014,Stdv,7.58,0.48,2.13,10.72,0.80,0.09,1.49,1.73,19.59,1.34,0.12,0.29,0.0044,0.02,0.18,1.5,6.6,,,,,,,,,,,,,,,,,,,,,,,,,,,,,,,,,,,,,,,,,,,,,,,,,,,
11/14/2014,Min,64,25.23,23.08,55.5,3.95,7.52,22.43,27.98,48.3,3.13,7.69,0,0,0,0,2,0,,,,,,,,,,,,,,,,,,,,,,,,,,,,,,,,,,,,,,,,,,,,,,,,,,,
11/14/2014,Max,88,26.67,30.83,86.8,6.14,7.83,27.54,33.54,113.8,7.57,8.07,0.69,0.014,0.06,0.59,7,23,,,,,,,,,,,,,,,,,,,,,,,,,,,,,,,,,,,,,,,,,,,,,,,,,,,
11/14/2014,N,10,10,10,10,10,10,10,10,10,10,10,10,10,10,10,10,10,,,,,,,,,,,,,,,,,,,,,,,,,,,,,,,,,,,,,,,,,,,,,,,,,,,
11/19/2014,Mean,66.56,25.00,18.28,126.99,9.42,7.92,25.62,23.27,152.56,10.85,8.10,0.14,0.0016,0.01,0.99,9.9,9.3,,,,,,,,,,,,,,,,,,,,,,,,,,,,,,,,,,,,,,,,,,,,,,,,,,,
11/19/2014,Stdv,17.64,0.47,5.35,14.84,0.83,0.20,1.27,3.38,20.81,1.11,0.14,0.29,0.0026,0.03,0.36,3.7,2.2,,,,,,,,,,,,,,,,,,,,,,,,,,,,,,,,,,,,,,,,,,,,,,,,,,,
11/19/2014,Min,52,24.2,9.85,104.9,8.2,7.58,24.07,17.69,124,9.19,7.87,0,0,0,0.55,5,6,,,,,,,,,,,,,,,,,,,,,,,,,,,,,,,,,,,,,,,,,,,,,,,,,,,
11/19/2014,Max,110,25.63,26.33,149.7,10.85,8.17,28.44,28.52,183.4,12.8,8.27,0.88,0.006,0.08,1.41,16,13,,,,,,,,,,,,,,,,,,,,,,,,,,,,,,,,,,,,,,,,,,,,,,,,,,,
11/19/2014,N,9,9,9,9,9,9,9,9,9,9,9,9,9,6,7,9,9,,,,,,,,,,,,,,,,,,,,,,,,,,,,,,,,,,,,,,,,,,,,,,,,,,,
11/20/2014,Mean,64.00,23.96,19.88,106.65,8.73,7.84,24.22,25.58,110.48,8.74,7.97,,,,,,,,,,,,,,,,,,,,,,,,,,,,,,,,,,,,,,,,,,,,,,,,,,,,,,,,,
11/20/2014,Stdv,9.40,0.48,8.62,38.27,1.00,0.22,0.37,3.74,37.33,0.78,0.08,,,,,,,,,,,,,,,,,,,,,,,,,,,,,,,,,,,,,,,,,,,,,,,,,,,,,,,,,
11/20/2014,Min,56,23.25,3.07,11.2,6.23,7.32,23.69,21.12,12.6,7.63,7.8,,,,,,,,,,,,,,,,,,,,,,,,,,,,,,,,,,,,,,,,,,,,,,,,,,,,,,,,,
11/20/2014,Max,86,24.67,33.4,144.2,9.89,8.06,25,33.46,147,10.15,8.07,,,,,,,,,,,,,,,,,,,,,,,,,,,,,,,,,,,,,,,,,,,,,,,,,,,,,,,,,
11/20/2014,N,10,10,10,10,10,10,10,10,10,10,10,0,0,0,0,0,0,,,,,,,,,,,,,,,,,,,,,,,,,,,,,,,,,,,,,,,,,,,,,,,,,,,
11/24/2014,Mean,62.33,25.27,32.11,103.40,7.03,7.92,25.57,32.76,100.04,6.83,7.93,0.43,0.0637,0.01,0.18,3.0,3.6,,,,,,,,,,,,,,,,,,,,,,,,,,,,,,,,,,,,,,,,,,,,,,,,,,,
11/24/2014,Stdv,10.68,0.31,0.63,11.06,0.75,0.04,0.55,0.84,12.07,0.91,0.05,0.32,0.1786,0.01,0.13,0.5,2.4,,,,,,,,,,,,,,,,,,,,,,,,,,,,,,,,,,,,,,,,,,,,,,,,,,,
11/24/2014,Min,49,24.9,31.33,87.4,5.87,7.87,24.91,31.64,81.7,5.45,7.87,0,0,0,0,2,0,,,,,,,,,,,,,,,,,,,,,,,,,,,,,,,,,,,,,,,,,,,,,,,,,,,
11/24/2014,Max,84,25.73,32.95,117.2,7.9,7.98,26.45,34.05,118.05,8.15,8,0.86,0.54,0.04,0.39,4,7,,,,,,,,,,,,,,,,,,,,,,,,,,,,,,,,,,,,,,,,,,,,,,,,,,,
11/24/2014,N,9,9,9,9,9,9,9,9,9,9,9,9,9,9,6,9,9,,,,,,,,,,,,,,,,,,,,,,,,,,,,,,,,,,,,,,,,,,,,,,,,,,,
11/28/2014,Mean,88.89,21.53,28.07,102.34,7.65,7.80,21.76,31.33,89.49,6.50,7.82,,,,,,,,,,,,,,,,,,,,,,,,,,,,,,,,,,,,,,,,,,,,,,,,,,,,,,,,,
11/28/2014,Stdv,19.66,1.03,7.10,4.62,0.43,0.16,0.87,2.87,9.97,0.59,0.12,,,,,,,,,,,,,,,,,,,,,,,,,,,,,,,,,,,,,,,,,,,,,,,,,,,,,,,,,
11/28/2014,Min,76,20.77,13.45,93.6,7.07,7.44,20.83,25.29,75,5.53,7.58,,,,,,,,,,,,,,,,,,,,,,,,,,,,,,,,,,,,,,,,,,,,,,,,,,,,,,,,,
11/28/2014,Max,140,23.45,35.32,108.6,8.42,7.97,23.32,35.11,107.3,7.47,7.97,,,,,,,,,,,,,,,,,,,,,,,,,,,,,,,,,,,,,,,,,,,,,,,,,,,,,,,,,
11/28/2014,N,9,9,9,9,9,9,9,9,9,9,9,0,0,0,0,0,0,,,,,,,,,,,,,,,,,,,,,,,,,,,,,,,,,,,,,,,,,,,,,,,,,,,
12/01/2014,Mean,64.38,21.96,26.51,128.56,9.65,7.90,22.16,28.53,130.94,9.69,7.98,0.50,0.0050,0.00,1.22,7.3,4.9,,,,,,,,,,,,,,,,,,,,,,,,,,,,,,,,,,,,,,,,,,,,,,,,,,,
12/01/2014,Stdv,13.20,0.25,3.27,15.11,0.99,0.15,0.24,1.71,8.53,0.60,0.05,0.33,0.0045,0.00,0.95,3.5,5.6,,,,,,,,,,,,,,,,,,,,,,,,,,,,,,,,,,,,,,,,,,,,,,,,,,,
12/01/2014,Min,52,21.65,19.95,95.8,7.57,7.57,21.76,26.48,116.3,8.66,7.91,0.047,0,0,0.61,4,0,,,,,,,,,,,,,,,,,,,,,,,,,,,,,,,,,,,,,,,,,,,,,,,,,,,
12/01/2014,Max,95,22.44,29.93,147,11.01,8.07,22.49,31.16,146,10.78,8.08,1.1,0.011,0,2.32,15,15,,,,,,,,,,,,,,,,,,,,,,,,,,,,,,,,,,,,,,,,,,,,,,,,,,,
12/01/2014,N,8,8,8,8,8,8,8,8,8,8,8,8,8,7,3,8,8,,,,,,,,,,,,,,,,,,,,,,,,,,,,,,,,,,,,,,,,,,,,,,,,,,,
12/05/2014,Mean,58.33,22.86,28.09,78.21,5.81,7.78,23.35,33.63,80.13,5.47,7.86,,,,,,,,,,,,,,,,,,,,,,,,,,,,,,,,,,,,,,,,,,,,,,,,,,,,,,,,,
12/05/2014,Stdv,7.91,0.30,5.52,8.80,0.78,0.09,0.15,0.49,23.09,1.16,0.08,,,,,,,,,,,,,,,,,,,,,,,,,,,,,,,,,,,,,,,,,,,,,,,,,,,,,,,,,
12/05/2014,Min,48,22.46,17.14,65.1,4.67,7.6,23.08,32.59,60.1,4.22,7.76,,,,,,,,,,,,,,,,,,,,,,,,,,,,,,,,,,,,,,,,,,,,,,,,,,,,,,,,,
12/05/2014,Max,76,23.29,31.93,91,6.96,7.88,23.52,34.02,136.8,8.06,7.99,,,,,,,,,,,,,,,,,,,,,,,,,,,,,,,,,,,,,,,,,,,,,,,,,,,,,,,,,
12/05/2014,N,9,9,9,9,9,9,9,9,9,9,9,0,0,0,0,0,0,,,,,,,,,,,,,,,,,,,,,,,,,,,,,,,,,,,,,,,,,,,,,,,,,,,
12/08/2014,Mean,55.80,27.35,31.88,106.20,6.97,7.95,27.67,34.00,102.91,8.11,8.01,0.13,0.0028,0.05,1.23,5.7,4.2,,,,,,,,,,,,,,,,,,,,,,,,,,,,,,,,,,,,,,,,,,,,,,,,,,,
12/08/2014,Stdv,8.46,0.27,2.33,13.05,0.90,0.07,0.55,0.91,56.03,1.79,0.12,0.18,0.0031,0.06,0.59,3.6,4.7,,,,,,,,,,,,,,,,,,,,,,,,,,,,,,,,,,,,,,,,,,,,,,,,,,,
12/08/2014,Min,46,27.05,27.51,86.4,5.72,7.83,26.69,31.86,12,5.4,7.8,0,0,0,0.81,2,0,,,,,,,,,,,,,,,,,,,,,,,,,,,,,,,,,,,,,,,,,,,,,,,,,,,
12/08/2014,Max,70,27.91,34.77,126.1,8.4,8.03,28.54,34.82,168.9,10.67,8.18,0.5,0.009,0.2,1.65,13,15,,,,,,,,,,,,,,,,,,,,,,,,,,,,,,,,,,,,,,,,,,,,,,,,,,,
12/08/2014,N,10,10,10,10,10,10,10,10,10,10,10,10,10,10,2,10,10,,,,,,,,,,,,,,,,,,,,,,,,,,,,,,,,,,,,,,,,,,,,,,,,,,,
12/09/2014,Mean,57.20,26.71,30.11,93.65,6.15,7.81,27.20,34.41,105.24,6.88,7.91,0.79,0.0062,0.01,0.85,5.8,5.4,,,,,,,,,,,,,,,,,,,,,,,,,,,,,,,,,,,,,,,,,,,,,,,,,,,
12/09/2014,Stdv,10.00,0.58,7.42,20.65,1.23,0.19,0.25,0.68,25.64,1.67,0.18,0.54,0.0071,0.01,0.33,5.5,8.0,,,,,,,,,,,,,,,,,,,,,,,,,,,,,,,,,,,,,,,,,,,,,,,,,,,
12/09/2014,Min,46,25.26,13.1,59.2,4.15,7.42,26.79,33.03,62.3,4.1,7.58,0,0,0,0.48,1,0,,,,,,,,,,,,,,,,,,,,,,,,,,,,,,,,,,,,,,,,,,,,,,,,,,,
12/09/2014,Max,75,27.4,34.98,132.9,8.53,8.04,27.7,35,141.5,9.41,8.14,1.36,0.025,0.03,1.24,17,22,,,,,,,,,,,,,,,,,,,,,,,,,,,,,,,,,,,,,,,,,,,,,,,,,,,
12/09/2014,N,10,10,10,10,10,10,10,10,10,10,10,10,10,10,6,10,9,,,,,,,,,,,,,,,,,,,,,,,,,,,,,,,,,,,,,,,,,,,,,,,,,,,
12/12/2014,Mean,68.00,23.55,30.02,64.48,4.66,7.74,23.86,33.51,59.08,4.12,7.78,,,,,,,,,,,,,,,,,,,,,,,,,,,,,,,,,,,,,,,,,,,,,,,,,,,,,,,,,
12/12/2014,Stdv,8.51,0.32,2.26,10.83,0.86,0.08,0.32,1.57,13.79,0.95,0.08,,,,,,,,,,,,,,,,,,,,,,,,,,,,,,,,,,,,,,,,,,,,,,,,,,,,,,,,,
12/12/2014,Min,56,23.02,24.58,44.3,3.11,7.62,23.52,29.51,41.4,2.89,7.64,,,,,,,,,,,,,,,,,,,,,,,,,,,,,,,,,,,,,,,,,,,,,,,,,,,,,,,,,
12/12/2014,Max,87,23.99,32.36,76.2,5.61,7.86,24.36,34.87,84.6,5.79,7.92,,,,,,,,,,,,,,,,,,,,,,,,,,,,,,,,,,,,,,,,,,,,,,,,,,,,,,,,,
12/12/2014,N,10,10,10,10,10,10,10,10,10,10,10,0,0,0,0,0,0,,,,,,,,,,,,,,,,,,,,,,,,,,,,,,,,,,,,,,,,,,,,,,,,,,,
12/18/2014,Mean,,24.49,34.11,70.23,4.81,7.83,24.78,34.74,67.94,4.62,7.84,,,,,,,,,,,,,,,,,,,,,,,,,,,,,,,,,,,,,,,,,,,,,,,,,,,,,,,,,
12/18/2014,Stdv,,0.25,0.64,6.61,0.44,0.05,0.38,0.18,6.47,0.47,0.04,,,,,,,,,,,,,,,,,,,,,,,,,,,,,,,,,,,,,,,,,,,,,,,,,,,,,,,,,
12/18/2014,Min,,24.13,33.02,60.2,4.14,7.76,24.32,34.43,58.4,3.92,7.78,,,,,,,,,,,,,,,,,,,,,,,,,,,,,,,,,,,,,,,,,,,,,,,,,,,,,,,,,
12/18/2014,Max,,24.97,34.88,79.5,5.41,7.89,25.27,34.94,76.4,5.22,7.89,,,,,,,,,,,,,,,,,,,,,,,,,,,,,,,,,,,,,,,,,,,,,,,,,,,,,,,,,
12/18/2014,N,0,10,10,10,10,10,10,10,10,10,10,0,0,0,0,0,0,,,,,,,,,,,,,,,,,,,,,,,,,,,,,,,,,,,,,,,,,,,,,,,,,,,
01/12/2015,Mean,,23.36,31.96,56.01,3.99,7.76,24.00,32.59,55.36,3.60,7.74,0.71,0.0033,0.11,0.13,4.3,4.4,,,,,,,,,,,,,,,,,,,,,,,,,,,,,,,,,,,,,,,,,,,,,,,,,,,
01/12/2015,Stdv,,1.02,1.59,15.14,1.15,0.09,0.86,0.45,13.01,1.17,0.09,0.30,0.0050,0.33,0.12,1.1,3.6,,,,,,,,,,,,,,,,,,,,,,,,,,,,,,,,,,,,,,,,,,,,,,,,,,,
01/12/2015,Min,,22,28.71,29.4,2.04,7.59,22.77,31.89,34.3,1.71,7.62,0.16,0,0,0.03,3,0,,,,,,,,,,,,,,,,,,,,,,,,,,,,,,,,,,,,,,,,,,,,,,,,,,,
01/12/2015,Max,,25.06,34.48,77.1,5.65,7.86,25.22,33.26,71.1,5.09,7.84,1.12,0.015,1,0.41,6,10,,,,,,,,,,,,,,,,,,,,,,,,,,,,,,,,,,,,,,,,,,,,,,,,,,,
01/12/2015,N,0,9,9,9,9,9,8,8,7,8,8,9,9,9,9,9,9,,,,,,,,,,,,,,,,,,,,,,,,,,,,,,,,,,,,,,,,,,,,,,,,,,,
01/13/2015,Mean,,24.36,30.04,80.41,5.68,7.83,24.66,31.28,81.94,5.71,7.87,0.00,0.4740,0.02,0.74,4.0,1.4,,,,,,,,,,,,,,,,,,,,,,,,,,,,,,,,,,,,,,,,,,,,,,,,,,,
01/13/2015,Stdv,,1.00,3.20,11.76,0.88,0.08,0.58,1.19,12.21,0.90,0.05,0.00,0.2359,0.02,0.45,1.8,2.5,,,,,,,,,,,,,,,,,,,,,,,,,,,,,,,,,,,,,,,,,,,,,,,,,,,
01/13/2015,Min,,23.13,22.42,68.6,4.73,7.68,23.44,28.86,63.3,4.38,7.83,0,0.11,0,0.22,2,0,,,,,,,,,,,,,,,,,,,,,,,,,,,,,,,,,,,,,,,,,,,,,,,,,,,
01/13/2015,Max,,26.3,32.36,100,6.99,7.97,25.27,32.35,101.9,7.24,7.97,0.01,0.78,0.04,1.33,8,7,,,,,,,,,,,,,,,,,,,,,,,,,,,,,,,,,,,,,,,,,,,,,,,,,,,
01/13/2015,N,0,10,10,10,10,10,10,10,10,10,10,10,10,10,10,10,10,,,,,,,,,,,,,,,,,,,,,,,,,,,,,,,,,,,,,,,,,,,,,,,,,,,
01/20/2015,Mean,48.20,25.98,33.63,73.34,4.88,7.81,26.45,34.78,74.79,4.93,7.83,0.13,0.0043,0.91,0.11,4.0,9.5,,,,,,,,,,,,,,,,,,,,,,,,,,,,,,,,,,,,,,,,,,,,,,,,,,,
01/20/2015,Stdv,13.17,1.31,2.44,12.97,0.73,0.10,0.79,0.14,11.02,0.71,0.07,0.32,0.0025,0.39,0.07,4.1,5.1,,,,,,,,,,,,,,,,,,,,,,,,,,,,,,,,,,,,,,,,,,,,,,,,,,,
01/20/2015,Min,37,23.51,26.8,50.8,3.8,7.55,25.57,34.53,54.1,3.61,7.65,0,0,0,0.02,1,4,,,,,,,,,,,,,,,,,,,,,,,,,,,,,,,,,,,,,,,,,,,,,,,,,,,
01/20/2015,Max,82,27.69,34.86,91,5.84,7.89,27.7,35.01,89.3,5.87,7.89,1.05,0.008,1.45,0.29,15,18,,,,,,,,,,,,,,,,,,,,,,,,,,,,,,,,,,,,,,,,,,,,,,,,,,,
01/20/2015,N,10,10,10,10,10,10,10,10,10,10,10,10,10,10,10,10,10,,,,,,,,,,,,,,,,,,,,,,,,,,,,,,,,,,,,,,,,,,,,,,,,,,,
01/22/2015,Mean,,24.47,34.61,57.36,3.92,7.79,24.57,34.93,59.83,4.10,7.82,1.06,0.0030,0.02,0.12,3.1,2.5,,,,,,,,,,,,,,,,,,,,,,,,,,,,,,,,,,,,,,,,,,,,,,,,,,,
01/22/2015,Stdv,,0.36,0.37,8.34,0.60,0.06,0.37,0.32,8.91,0.58,0.07,0.19,0.0026,0.02,0.05,0.7,2.1,,,,,,,,,,,,,,,,,,,,,,,,,,,,,,,,,,,,,,,,,,,,,,,,,,,
01/22/2015,Min,,23.98,33.88,41.2,2.7,7.67,24.13,34.09,40.8,2.78,7.7,0.84,0,0,0.06,2,0,,,,,,,,,,,,,,,,,,,,,,,,,,,,,,,,,,,,,,,,,,,,,,,,,,,
01/22/2015,Max,,25.04,34.99,66.5,4.54,7.86,25.04,35.18,70.8,4.85,7.9,1.33,0.007,0.05,0.2,4,5,,,,,,,,,,,,,,,,,,,,,,,,,,,,,,,,,,,,,,,,,,,,,,,,,,,
01/22/2015,N,0,10,10,10,10,10,10,10,9,10,10,10,10,10,10,10,10,,,,,,,,,,,,,,,,,,,,,,,,,,,,,,,,,,,,,,,,,,,,,,,,,,,
01/26/2015,Mean,61.33,20.89,19.62,80.10,6.34,7.69,21.67,27.65,70.47,5.26,7.70,0.68,0.0104,0.02,0.15,9.2,9.8,,,,,,,,,,,,,,,,,,,,,,,,,,,,,,,,,,,,,,,,,,,,,,,,,,,
01/26/2015,Stdv,9.97,0.58,9.10,5.03,0.36,0.10,0.24,1.14,12.47,0.96,0.11,0.28,0.0153,0.01,0.12,5.9,4.7,,,,,,,,,,,,,,,,,,,,,,,,,,,,,,,,,,,,,,,,,,,,,,,,,,,
01/26/2015,Min,53,20.13,3.46,67.8,5.91,7.57,21.24,26.4,50.8,3.72,7.45,0.2,0.001,0,0.07,3,5,,,,,,,,,,,,,,,,,,,,,,,,,,,,,,,,,,,,,,,,,,,,,,,,,,,
01/26/2015,Max,85,21.56,28.95,84,7,7.82,21.98,29.7,84.8,6.25,7.82,0.98,0.05,0.03,0.43,21,17,,,,,,,,,,,,,,,,,,,,,,,,,,,,,,,,,,,,,,,,,,,,,,,,,,,
01/26/2015,N,9,9,9,9,9,9,9,9,9,9,9,9,9,9,9,9,9,,,,,,,,,,,,,,,,,,,,,,,,,,,,,,,,,,,,,,,,,,,,,,,,,,,
01/28/2015,Mean,42.90,25.43,25.62,89.82,6.34,7.95,26.75,28.98,87.96,6.47,7.92,0.66,0.0030,0.03,0.21,7.9,5.8,,,,,,,,,,,,,,,,,,,,,,,,,,,,,,,,,,,,,,,,,,,,,,,,,,,
01/28/2015,Stdv,12.45,2.37,6.97,12.75,0.82,0.09,1.11,3.02,13.70,1.11,0.09,0.39,0.0023,0.02,0.13,2.7,3.8,,,,,,,,,,,,,,,,,,,,,,,,,,,,,,,,,,,,,,,,,,,,,,,,,,,
01/28/2015,Min,33,20.17,16.96,72.8,5.01,7.77,24.32,24.05,60.7,4.64,7.73,0,0,0,0.08,5,0,,,,,,,,,,,,,,,,,,,,,,,,,,,,,,,,,,,,,,,,,,,,,,,,,,,
01/28/2015,Max,71,27.75,37.75,108.3,7.19,8.03,28.01,32.69,103.6,9.02,8.01,1.19,0.006,0.06,0.51,12,13,,,,,,,,,,,,,,,,,,,,,,,,,,,,,,,,,,,,,,,,,,,,,,,,,,,
01/28/2015,N,10,10,10,10,10,10,10,10,10,10,10,10,10,10,10,10,10,,,,,,,,,,,,,,,,,,,,,,,,,,,,,,,,,,,,,,,,,,,,,,,,,,,
02/02/2015,Mean,60.80,23.71,32.21,66.59,4.74,7.79,24.04,34.03,61.19,4.24,7.81,0.80,0.0026,0.01,0.46,3.6,1.8,,,,,,,,,,,,,,,,,,,,,,,,,,,,,,,,,,,,,,,,,,,,,,,,,,,
02/02/2015,Stdv,13.13,0.48,4.06,7.49,0.54,0.07,0.33,1.20,9.58,0.67,0.07,0.29,0.0021,0.01,0.48,1.8,1.7,,,,,,,,,,,,,,,,,,,,,,,,,,,,,,,,,,,,,,,,,,,,,,,,,,,
02/02/2015,Min,49,22.9,22.87,58.9,4.08,7.64,23.47,31.68,48.6,3.31,7.66,0.42,0,0,0.04,2,0,,,,,,,,,,,,,,,,,,,,,,,,,,,,,,,,,,,,,,,,,,,,,,,,,,,
02/02/2015,Max,88,24.27,34.92,79.4,5.51,7.86,24.53,35.05,76.7,5.35,7.88,1.4,0.006,0.04,1.2,7,4,,,,,,,,,,,,,,,,,,,,,,,,,,,,,,,,,,,,,,,,,,,,,,,,,,,
02/02/2015,N,10,10,10,10,10,10,10,10,10,10,10,10,10,10,10,10,10,,,,,,,,,,,,,,,,,,,,,,,,,,,,,,,,,,,,,,,,,,,,,,,,,,,
02/05/2015,Mean,52.11,24.83,33.13,77.19,4.86,7.84,25.14,34.06,79.50,5.41,7.88,1.40,0.0069,0.01,0.14,3.0,5.0,,,,,,,,,,,,,,,,,,,,,,,,,,,,,,,,,,,,,,,,,,,,,,,,,,,
02/05/2015,Stdv,15.16,1.04,1.76,11.95,1.18,0.08,1.06,1.55,10.13,0.76,0.04,0.22,0.0041,0.01,0.07,1.8,4.1,,,,,,,,,,,,,,,,,,,,,,,,,,,,,,,,,,,,,,,,,,,,,,,,,,,
02/05/2015,Min,40,22.54,29.84,56.2,3.2,7.68,22.85,30.05,63.5,4.25,7.82,1.05,0.003,0,0.04,1,0,,,,,,,,,,,,,,,,,,,,,,,,,,,,,,,,,,,,,,,,,,,,,,,,,,,
02/05/2015,Max,85,25.82,34.64,95.5,6.51,7.95,26.7,35.09,95.5,6.5,7.95,1.89,0.016,0.02,0.23,7,12,,,,,,,,,,,,,,,,,,,,,,,,,,,,,,,,,,,,,,,,,,,,,,,,,,,
02/05/2015,N,9,9,9,9,9,9,9,9,9,9,9,9,9,9,9,9,9,,,,,,,,,,,,,,,,,,,,,,,,,,,,,,,,,,,,,,,,,,,,,,,,,,,
02/09/2015,Mean,,23.05,31.91,78.90,5.64,7.85,23.58,32.89,77.41,5.22,7.84,1.32,0.0055,0.00,0.09,4.6,8.4,,,,,,,,,,,,,,,,,,,,,,,,,,,,,,,,,,,,,,,,,,,,,,,,,,,
02/09/2015,Stdv,,1.08,1.91,8.56,0.65,0.06,1.79,1.39,7.57,0.58,0.06,0.68,0.0031,0.01,0.07,3.5,4.8,,,,,,,,,,,,,,,,,,,,,,,,,,,,,,,,,,,,,,,,,,,,,,,,,,,
02/09/2015,Min,,21.92,28.6,65.1,4.53,7.74,22.38,30.85,63,4.36,7.71,0.33,0,0,0,2,2,,,,,,,,,,,,,,,,,,,,,,,,,,,,,,,,,,,,,,,,,,,,,,,,,,,
02/09/2015,Max,,25.33,34.33,87.7,6.36,7.91,27.87,34.89,84.2,6.03,7.9,2.24,0.009,0.03,0.23,13,15,,,,,,,,,,,,,,,,,,,,,,,,,,,,,,,,,,,,,,,,,,,,,,,,,,,
02/09/2015,N,0,8,8,8,8,8,8,8,8,8,8,8,8,8,8,8,8,,,,,,,,,,,,,,,,,,,,,,,,,,,,,,,,,,,,,,,,,,,,,,,,,,,
02/13/2015,Mean,57.50,22.78,32.65,87.64,6.27,7.80,22.80,32.29,87.60,6.23,7.81,0.98,0.0031,0.00,0.10,3.3,10.5,,,,,,,,,,,,,,,,,,,,,,,,,,,,,,,,,,,,,,,,,,,,,,,,,,,
02/13/2015,Stdv,9.44,0.40,2.95,8.31,0.61,0.05,0.34,1.81,8.10,0.56,0.04,0.27,0.0025,0.00,0.11,1.7,10.1,,,,,,,,,,,,,,,,,,,,,,,,,,,,,,,,,,,,,,,,,,,,,,,,,,,
02/13/2015,Min,48,22.22,29.85,72.7,5.11,7.74,22.3,29.9,73.2,5.14,7.76,0.62,0,0,0.02,2,0,,,,,,,,,,,,,,,,,,,,,,,,,,,,,,,,,,,,,,,,,,,,,,,,,,,
02/13/2015,Max,74,23.28,39.57,97.4,6.85,7.89,23.23,34.52,97.4,6.86,7.87,1.471,0.008,0.01,0.39,7,29,,,,,,,,,,,,,,,,,,,,,,,,,,,,,,,,,,,,,,,,,,,,,,,,,,,
02/13/2015,N,10,10,10,10,10,10,10,10,10,10,10,10,10,10,10,10,10,,,,,,,,,,,,,,,,,,,,,,,,,,,,,,,,,,,,,,,,,,,,,,,,,,,
02/24/2015,Mean,47.40,25.29,22.96,94.86,6.92,7.85,27.44,29.68,86.17,5.84,7.76,0.86,0.0018,0.01,0.14,9.0,8.0,,,,,,,,,,,,,,,,,,,,,,,,,,,,,,,,,,,,,,,,,,,,,,,,,,,
02/24/2015,Stdv,10.08,1.21,9.88,9.64,0.60,0.16,1.30,3.88,18.92,1.36,0.23,0.29,0.0020,0.01,0.09,4.6,5.7,,,,,,,,,,,,,,,,,,,,,,,,,,,,,,,,,,,,,,,,,,,,,,,,,,,
02/24/2015,Min,36,23.96,7.53,68.6,5.52,7.48,23.95,22.32,52.9,3.53,7.38,0.33,0,0,0.03,3,3,,,,,,,,,,,,,,,,,,,,,,,,,,,,,,,,,,,,,,,,,,,,,,,,,,,
02/24/2015,Max,72,27.47,39.84,104.7,7.59,8.02,28.64,36.17,105.3,7.35,8.03,1.37,0.005,0.04,0.35,19,23,,,,,,,,,,,,,,,,,,,,,,,,,,,,,,,,,,,,,,,,,,,,,,,,,,,
02/24/2015,N,10,10,10,10,10,10,10,10,10,10,10,10,10,10,10,10,10,,,,,,,,,,,,,,,,,,,,,,,,,,,,,,,,,,,,,,,,,,,,,,,,,,,
02/28/2015,Mean,,24.45,32.33,88.46,6.29,7.83,25.32,32.91,77.52,4.69,7.78,1.17,0.0011,0.00,0.10,4.4,8.9,,,,,,,,,,,,,,,,,,,,,,,,,,,,,,,,,,,,,,,,,,,,,,,,,,,
02/28/2015,Stdv,,0.67,3.15,21.04,2.10,0.06,1.43,1.85,16.73,1.30,0.10,0.18,0.0013,0.00,0.07,1.0,11.7,,,,,,,,,,,,,,,,,,,,,,,,,,,,,,,,,,,,,,,,,,,,,,,,,,,
02/28/2015,Min,,23.56,29.62,69.1,3.13,7.71,23.99,29.96,53.5,3.13,7.53,1.03,0,0,0.05,3,3,,,,,,,,,,,,,,,,,,,,,,,,,,,,,,,,,,,,,,,,,,,,,,,,,,,
02/28/2015,Max,,25.48,39.63,142.9,10.11,7.89,29.02,34.78,97.9,6.47,7.9,1.62,0.004,0.01,0.28,6,41,,,,,,,,,,,,,,,,,,,,,,,,,,,,,,,,,,,,,,,,,,,,,,,,,,,
02/28/2015,N,0,10,10,10,10,10,10,10,10,10,10,10,10,10,10,10,10,,,,,,,,,,,,,,,,,,,,,,,,,,,,,,,,,,,,,,,,,,,,,,,,,,,
03/02/2015,Mean,,23.15,27.43,80.45,6.39,7.76,23.48,30.62,80.85,5.72,7.75,,,,,,,,,,,,,,,,,,,,,,,,,,,,,,,,,,,,,,,,,,,,,,,,,,,,,,,,,
03/02/2015,Stdv,,0.44,6.47,13.84,0.58,0.10,0.47,1.34,11.96,0.91,0.14,,,,,,,,,,,,,,,,,,,,,,,,,,,,,,,,,,,,,,,,,,,,,,,,,,,,,,,,,
03/02/2015,Min,,22.58,10.17,61,4.97,7.52,22.75,27.56,52.3,3.64,7.37,,,,,,,,,,,,,,,,,,,,,,,,,,,,,,,,,,,,,,,,,,,,,,,,,,,,,,,,,
03/02/2015,Max,,23.8,31.85,94.6,6.93,7.86,24.41,31.88,94.7,6.69,7.87,,,,,,,,,,,,,,,,,,,,,,,,,,,,,,,,,,,,,,,,,,,,,,,,,,,,,,,,,
03/02/2015,N,0,10,10,10,10,10,10,10,10,10,10,0,0,0,0,0,0,,,,,,,,,,,,,,,,,,,,,,,,,,,,,,,,,,,,,,,,,,,,,,,,,,,
03/03/2015,Mean,52.40,24.28,25.38,95.97,6.48,7.78,26.16,29.95,92.81,6.32,7.75,0.93,0.0026,0.01,0.12,6.6,6.5,,,,,,,,,,,,,,,,,,,,,,,,,,,,,,,,,,,,,,,,,,,,,,,,,,,
03/03/2015,Stdv,9.30,1.60,7.53,6.10,1.02,0.10,3.10,3.22,15.02,1.07,0.14,0.27,0.0032,0.01,0.12,5.4,8.1,,,,,,,,,,,,,,,,,,,,,,,,,,,,,,,,,,,,,,,,,,,,,,,,,,,
03/03/2015,Min,43,20.2,8.36,85.5,4.02,7.58,23.98,21.82,59.7,4.13,7.55,0.36,0,0,0,2,0,,,,,,,,,,,,,,,,,,,,,,,,,,,,,,,,,,,,,,,,,,,,,,,,,,,
03/03/2015,Max,75,25.42,33.22,107,7.93,7.88,34.88,33.4,104,7.73,7.89,1.34,0.01,0.03,0.35,21,24,,,,,,,,,,,,,,,,,,,,,,,,,,,,,,,,,,,,,,,,,,,,,,,,,,,
03/03/2015,N,10,10,10,10,10,10,10,10,7,10,10,10,10,10,9,10,10,,,,,,,,,,,,,,,,,,,,,,,,,,,,,,,,,,,,,,,,,,,,,,,,,,,
03/12/2015,Mean,76.78,22.54,31.98,95.76,6.86,7.95,22.69,33.41,93.29,6.65,8.00,1.05,0.0040,0.00,0.12,3.8,6.6,,,,,,,,,,,,,,,,,,,,,,,,,,,,,,,,,,,,,,,,,,,,,,,,,,,
03/12/2015,Stdv,7.93,0.80,0.94,5.37,0.39,0.20,0.84,0.62,5.70,0.40,0.03,0.52,0.0029,0.00,0.08,2.0,4.3,,,,,,,,,,,,,,,,,,,,,,,,,,,,,,,,,,,,,,,,,,,,,,,,,,,
03/12/2015,Min,68,21.36,30.05,84.4,6,7.41,21.27,32.25,86.4,6.15,7.96,0.08,0,0,0.03,2,1,,,,,,,,,,,,,,,,,,,,,,,,,,,,,,,,,,,,,,,,,,,,,,,,,,,
03/12/2015,Max,93,23.64,33.25,104,7.43,8.04,23.8,34.11,101.8,7.24,8.04,1.66,0.01,0,0.27,7,14,,,,,,,,,,,,,,,,,,,,,,,,,,,,,,,,,,,,,,,,,,,,,,,,,,,
03/12/2015,N,9,9,9,9,9,9,9,9,9,9,9,9,9,7,9,9,9,,,,,,,,,,,,,,,,,,,,,,,,,,,,,,,,,,,,,,,,,,,,,,,,,,,
03/15/2015,Mean,48.44,23.11,27.11,112.47,8.04,7.96,23.14,30.28,119.56,8.38,8.03,0.97,0.0031,0.00,0.16,4.7,2.8,,,,,,,,,,,,,,,,,,,,,,,,,,,,,,,,,,,,,,,,,,,,,,,,,,,
03/15/2015,Stdv,7.95,1.98,5.47,12.22,0.95,0.14,0.32,3.93,10.41,0.89,0.08,0.59,0.0033,0.01,0.09,4.5,2.4,,,,,,,,,,,,,,,,,,,,,,,,,,,,,,,,,,,,,,,,,,,,,,,,,,,
03/15/2015,Min,40,21.16,17.29,91.8,6.33,7.71,22.68,20.21,104.5,6.84,7.91,0,0,0,0.07,1,0,,,,,,,,,,,,,,,,,,,,,,,,,,,,,,,,,,,,,,,,,,,,,,,,,,,
03/15/2015,Max,62,27.19,33.06,129.7,9.23,8.13,23.62,33.03,133.7,9.46,8.13,1.56,0.01,0.04,0.32,12,8,,,,,,,,,,,,,,,,,,,,,,,,,,,,,,,,,,,,,,,,,,,,,,,,,,,
03/15/2015,N,9,9,9,9,9,9,9,9,9,9,9,9,9,9,9,9,9,,,,,,,,,,,,,,,,,,,,,,,,,,,,,,,,,,,,,,,,,,,,,,,,,,,
03/22/2015,Mean,86.10,26.27,27.47,109.24,7.54,8.12,26.70,33.58,115.23,7.71,8.16,0.73,0.0018,0.02,0.06,4.8,5.5,,,,,,,,,,,,,,,,,,,,,,,,,,,,,,,,,,,,,,,,,,,,,,,,,,,
03/22/2015,Stdv,9.70,1.00,7.60,9.31,0.38,0.12,1.40,2.43,7.27,0.48,0.05,0.53,0.0019,0.06,0.07,4.7,5.4,,,,,,,,,,,,,,,,,,,,,,,,,,,,,,,,,,,,,,,,,,,,,,,,,,,
03/22/2015,Min,77,24.74,11.08,86.9,6.71,7.86,24.71,28.99,105.8,6.88,8.07,0,0,0,0,0,0,,,,,,,,,,,,,,,,,,,,,,,,,,,,,,,,,,,,,,,,,,,,,,,,,,,
03/22/2015,Max,110,27.62,36.22,118.2,7.96,8.29,28.78,38.34,132.2,8.71,8.25,1.92,0.006,0.2,0.19,13,19,,,,,,,,,,,,,,,,,,,,,,,,,,,,,,,,,,,,,,,,,,,,,,,,,,,
03/22/2015,N,10,10,10,10,10,10,10,10,10,10,10,10,10,10,10,10,10,,,,,,,,,,,,,,,,,,,,,,,,,,,,,,,,,,,,,,,,,,,,,,,,,,,
03/30/2015,Mean,,23.50,24.06,92.28,6.71,7.86,24.10,27.03,78.31,5.57,7.84,,,,,,,,,,,,,,,,,,,,,,,,,,,,,,,,,,,,,,,,,,,,,,,,,,,,,,,,,
03/30/2015,Stdv,,0.40,5.14,9.02,0.73,0.07,0.68,3.64,18.27,1.46,0.09,,,,,,,,,,,,,,,,,,,,,,,,,,,,,,,,,,,,,,,,,,,,,,,,,,,,,,,,,
03/30/2015,Min,,22.7,15.09,81.4,5.82,7.719,23.36,21.51,47.6,3.14,7.67,,,,,,,,,,,,,,,,,,,,,,,,,,,,,,,,,,,,,,,,,,,,,,,,,,,,,,,,,
03/30/2015,Max,,24.1,30.03,107.8,7.71,7.95,25.48,30.26,95.1,7.05,7.95,,,,,,,,,,,,,,,,,,,,,,,,,,,,,,,,,,,,,,,,,,,,,,,,,,,,,,,,,
03/30/2015,N,0,9,9,9,9,9,9,9,9,9,9,0,0,0,0,0,0,,,,,,,,,,,,,,,,,,,,,,,,,,,,,,,,,,,,,,,,,,,,,,,,,,,
04/11/2015,Mean,55.22,25.68,24.67,102.12,7.22,8.02,26.34,27.31,101.31,6.93,8.03,0.79,0.0240,0.02,0.14,,7.3,,,,,,,,,,,,,,,,,,,,,,,,,,,,,,,,,,,,,,,,,,,,,,,,,,,
04/11/2015,Stdv,19.34,0.75,4.45,11.14,0.50,0.12,0.59,2.86,14.91,1.04,0.14,0.30,0.0661,0.01,0.09,,5.7,,,,,,,,,,,,,,,,,,,,,,,,,,,,,,,,,,,,,,,,,,,,,,,,,,,
04/11/2015,Min,30,24.75,16.82,91.1,6.81,7.8,25.47,24.1,67.9,4.57,7.7,0.2,0,0,0.02,,2,,,,,,,,,,,,,,,,,,,,,,,,,,,,,,,,,,,,,,,,,,,,,,,,,,,
04/11/2015,Max,91,26.74,31.23,124.9,8.3,8.19,27.5,31.53,117,7.98,8.19,1.15,0.2,0.05,0.29,,17,,,,,,,,,,,,,,,,,,,,,,,,,,,,,,,,,,,,,,,,,,,,,,,,,,,
04/11/2015,N,9,9,9,9,9,9,9,9,9,9,9,9,9,9,9,0,9,,,,,,,,,,,,,,,,,,,,,,,,,,,,,,,,,,,,,,,,,,,,,,,,,,,
04/13/2015,Mean,60.10,25.43,25.22,98.73,7.07,7.98,25.72,25.86,96.79,6.82,8.00,0.63,0.0043,0.02,0.04,6.1,7.6,,,,,,,,,,,,,,,,,,,,,,,,,,,,,,,,,,,,,,,,,,,,,,,,,,,
04/13/2015,Stdv,20.55,0.57,5.64,7.85,0.41,0.13,0.58,5.06,10.72,0.67,0.10,0.52,0.0038,0.04,0.05,4.1,6.9,,,,,,,,,,,,,,,,,,,,,,,,,,,,,,,,,,,,,,,,,,,,,,,,,,,
04/13/2015,Min,37,24.31,15.88,82.7,6.22,7.66,24.51,17.3,78.8,5.35,7.76,0,0,0,0,2,0,,,,,,,,,,,,,,,,,,,,,,,,,,,,,,,,,,,,,,,,,,,,,,,,,,,
04/13/2015,Max,107,26.26,32.75,109.8,7.69,8.09,26.49,32.75,113.5,7.781,8.1,1.6,0.009,0.09,0.13,15,21,,,,,,,,,,,,,,,,,,,,,,,,,,,,,,,,,,,,,,,,,,,,,,,,,,,
04/13/2015,N,10,10,10,10,10,10,10,10,10,10,10,10,10,10,10,10,10,,,,,,,,,,,,,,,,,,,,,,,,,,,,,,,,,,,,,,,,,,,,,,,,,,,
04/20/2015,Mean,,22.85,27.46,92.51,6.77,7.91,23.04,27.85,90.59,6.60,7.92,0.72,0.0022,0.00,0.04,4.8,10.8,,,,,,,,,,,,,,,,,,,,,,,,,,,,,,,,,,,,,,,,,,,,,,,,,,,
04/20/2015,Stdv,,0.35,3.35,4.95,0.27,0.08,0.18,3.14,7.01,0.48,0.08,0.23,0.0028,0.01,0.04,2.4,7.2,,,,,,,,,,,,,,,,,,,,,,,,,,,,,,,,,,,,,,,,,,,,,,,,,,,
04/20/2015,Min,,22.03,20.85,86.4,6.45,7.77,22.76,20.68,77.3,5.56,7.73,0.32,0,0,0,2,0,,,,,,,,,,,,,,,,,,,,,,,,,,,,,,,,,,,,,,,,,,,,,,,,,,,
04/20/2015,Max,,23.24,32.03,99.9,7.24,8.01,23.26,32.14,101.3,7.24,8.02,1.12,0.008,0.03,0.1,9,23,,,,,,,,,,,,,,,,,,,,,,,,,,,,,,,,,,,,,,,,,,,,,,,,,,,
04/20/2015,N,0,10,10,10,10,10,10,10,10,10,10,10,10,10,10,10,10,,,,,,,,,,,,,,,,,,,,,,,,,,,,,,,,,,,,,,,,,,,,,,,,,,,
04/21/2015,Mean,46.00,22.60,27.38,93.01,6.87,7.93,22.55,27.95,87.69,6.70,7.95,0.83,0.0027,0.01,0.07,4.7,12.6,,,,,,,,,,,,,,,,,,,,,,,,,,,,,,,,,,,,,,,,,,,,,,,,,,,
04/21/2015,Stdv,6.24,0.32,4.60,5.92,0.32,0.11,0.17,3.72,13.71,0.34,0.09,0.41,0.0030,0.02,0.04,2.1,6.8,,,,,,,,,,,,,,,,,,,,,,,,,,,,,,,,,,,,,,,,,,,,,,,,,,,
04/21/2015,Min,40,22.22,17.66,84.4,6.22,7.67,22.33,21.38,54.1,6.11,7.75,0.3,0,0,0,2,1,,,,,,,,,,,,,,,,,,,,,,,,,,,,,,,,,,,,,,,,,,,,,,,,,,,
04/21/2015,Max,61,23.31,32.88,100.7,7.33,8.03,22.79,33.03,98.7,7.06,8.04,1.54,0.008,0.05,0.16,9,23,,,,,,,,,,,,,,,,,,,,,,,,,,,,,,,,,,,,,,,,,,,,,,,,,,,
04/21/2015,N,9,9,9,9,9,9,9,9,9,9,9,9,9,9,9,9,9,,,,,,,,,,,,,,,,,,,,,,,,,,,,,,,,,,,,,,,,,,,,,,,,,,,
04/29/2015,Mean,57.50,26.09,27.79,110.42,7.95,8.04,25.99,28.68,110.55,7.66,8.03,0.92,0.0035,0.02,0.08,4.4,13.7,,,,,,,,,,,,,,,,,,,,,,,,,,,,,,,,,,,,,,,,,,,,,,,,,,,
04/29/2015,Stdv,9.08,1.03,3.61,8.42,0.92,0.05,0.99,3.39,4.88,0.29,0.07,0.37,0.0038,0.02,0.04,2.5,10.5,,,,,,,,,,,,,,,,,,,,,,,,,,,,,,,,,,,,,,,,,,,,,,,,,,,
04/29/2015,Min,46,23.91,22.3,100.2,7.01,7.96,23.51,21.76,101.6,7.07,7.9,0.31,0,0,0,2,0,,,,,,,,,,,,,,,,,,,,,,,,,,,,,,,,,,,,,,,,,,,,,,,,,,,
04/29/2015,Max,76,27.78,33.32,121.9,10.15,8.12,27.19,33.78,118.3,8.08,8.12,1.62,0.009,0.05,0.13,10,35,,,,,,,,,,,,,,,,,,,,,,,,,,,,,,,,,,,,,,,,,,,,,,,,,,,
04/29/2015,N,10,10,10,10,10,10,10,10,10,10,10,10,10,10,10,10,10,,,,,,,,,,,,,,,,,,,,,,,,,,,,,,,,,,,,,,,,,,,,,,,,,,,
05/04/2015,Mean,84.20,26.03,26.28,109.20,7.59,8.02,26.42,33.53,112.38,7.52,8.02,0.85,0.0011,0.00,0.05,4.2,3.4,,,,,,,,,,,,,,,,,,,,,,,,,,,,,,,,,,,,,,,,,,,,,,,,,,,
05/04/2015,Stdv,7.42,0.57,6.86,8.90,0.69,0.12,0.40,1.93,8.29,0.57,0.04,0.34,0.0016,0.01,0.05,3.2,3.3,,,,,,,,,,,,,,,,,,,,,,,,,,,,,,,,,,,,,,,,,,,,,,,,,,,
05/04/2015,Min,76,24.63,12.92,87.1,6.03,7.73,25.59,29.09,101.5,6.56,7.95,0.29,0,0,0,0,0,,,,,,,,,,,,,,,,,,,,,,,,,,,,,,,,,,,,,,,,,,,,,,,,,,,
05/04/2015,Max,100,26.52,35.03,118.2,8.25,8.11,26.77,35.01,131.3,8.68,8.09,1.49,0.005,0.02,0.16,11,9,,,,,,,,,,,,,,,,,,,,,,,,,,,,,,,,,,,,,,,,,,,,,,,,,,,
05/04/2015,N,10,10,10,10,10,10,10,10,10,10,10,10,10,10,10,10,10,,,,,,,,,,,,,,,,,,,,,,,,,,,,,,,,,,,,,,,,,,,,,,,,,,,
05/20/2015,Mean,70.56,25.11,28.28,95.17,6.67,7.92,25.90,32.16,97.42,6.68,7.96,0.79,0.0006,0.00,0.03,3.4,5.4,,,,,,,,,,,,,,,,,,,,,,,,,,,,,,,,,,,,,,,,,,,,,,,,,,,
05/20/2015,Stdv,8.32,0.52,7.90,11.54,0.69,0.16,1.59,2.18,11.17,0.78,0.09,0.39,0.0017,0.01,0.03,3.6,6.9,,,,,,,,,,,,,,,,,,,,,,,,,,,,,,,,,,,,,,,,,,,,,,,,,,,
05/20/2015,Min,56,24.12,10,69.5,5.45,7.51,24.748,29.17,74.1,5.11,7.72,0,0,0,0,0,0,,,,,,,,,,,,,,,,,,,,,,,,,,,,,,,,,,,,,,,,,,,,,,,,,,,
05/20/2015,Max,85,25.71,34.51,108.4,7.63,8.01,29.96,34.53,109.5,7.54,8.02,1.4,0.005,0.02,0.09,11,21,,,,,,,,,,,,,,,,,,,,,,,,,,,,,,,,,,,,,,,,,,,,,,,,,,,
05/20/2015,N,9,9,9,9,9,9,9,9,9,9,9,9,9,9,9,9,9,,,,,,,,,,,,,,,,,,,,,,,,,,,,,,,,,,,,,,,,,,,,,,,,,,,
05/26/2015,Mean,63.70,27.05,31.66,102.53,6.81,7.81,27.65,33.26,104.97,6.96,7.89,1.14,0.0011,0.00,0.11,1.7,3.4,,,,,,,,,,,,,,,,,,,,,,,,,,,,,,,,,,,,,,,,,,,,,,,,,,,
05/26/2015,Stdv,6.70,1.21,4.02,11.95,0.68,0.22,0.35,1.31,14.84,0.75,0.07,0.36,0.0017,0.01,0.20,1.6,2.7,,,,,,,,,,,,,,,,,,,,,,,,,,,,,,,,,,,,,,,,,,,,,,,,,,,
05/26/2015,Min,55,23.88,24.79,82.7,5.72,7.25,26.97,30.49,73.1,5.83,7.72,0.83,0,0,0,0,0,,,,,,,,,,,,,,,,,,,,,,,,,,,,,,,,,,,,,,,,,,,,,,,,,,,
05/26/2015,Max,78,28.05,39.55,122.4,7.99,7.98,28.21,35,128.8,8.4,8,1.84,0.005,0.02,0.62,4,7,,,,,,,,,,,,,,,,,,,,,,,,,,,,,,,,,,,,,,,,,,,,,,,,,,,
05/26/2015,N,10,10,10,10,10,10,10,10,10,10,10,10,10,10,9,10,10,,,,,,,,,,,,,,,,,,,,,,,,,,,,,,,,,,,,,,,,,,,,,,,,,,,
06/04/2015,Mean,74.33,27.14,28.55,128.10,8.77,7.85,27.25,31.97,140.41,9.22,7.96,0.28,0.0002,0.02,0.05,4.7,4.0,,,,,,,,,,,,,,,,,,,,,,,,,,,,,,,,,,,,,,,,,,,,,,,,,,,
06/04/2015,Stdv,9.41,1.04,5.68,17.86,0.89,0.15,1.08,0.82,18.44,1.06,0.13,0.46,0.0007,0.02,0.07,5.4,3.9,,,,,,,,,,,,,,,,,,,,,,,,,,,,,,,,,,,,,,,,,,,,,,,,,,,
06/04/2015,Min,59,25.86,18.86,101.3,7.53,7.56,25.86,30.48,114.7,7.75,7.82,0,0,0,0,0,0,,,,,,,,,,,,,,,,,,,,,,,,,,,,,,,,,,,,,,,,,,,,,,,,,,,
06/04/2015,Max,86,28.58,33.08,148.8,10.02,8.03,28.63,33.04,165.8,10.74,8.25,1.14,0.002,0.05,0.2,14,10,,,,,,,,,,,,,,,,,,,,,,,,,,,,,,,,,,,,,,,,,,,,,,,,,,,
06/04/2015,N,9,9,9,9,9,9,9,9,9,9,9,9,9,9,8,9,9,,,,,,,,,,,,,,,,,,,,,,,,,,,,,,,,,,,,,,,,,,,,,,,,,,,
06/10/2015,Mean,61.90,28.49,26.62,120.36,8.01,7.79,28.95,30.32,129.25,8.39,7.84,0.50,0.0024,0.01,0.18,4.0,7.0,,,,,,,,,,,,,,,,,,,,,,,,,,,,,,,,,,,,,,,,,,,,,,,,,,,
06/10/2015,Stdv,6.77,0.74,7.33,10.85,0.43,0.14,0.35,3.12,18.47,1.14,0.11,0.47,0.0046,0.02,0.24,3.7,6.7,,,,,,,,,,,,,,,,,,,,,,,,,,,,,,,,,,,,,,,,,,,,,,,,,,,
06/10/2015,Min,55,27.29,10.61,96.9,7.253,7.42,28.4,25.75,100.7,6.7,7.57,0,0,0,0.04,1,0,,,,,,,,,,,,,,,,,,,,,,,,,,,,,,,,,,,,,,,,,,,,,,,,,,,
06/10/2015,Max,77,29.38,34.42,133.3,8.61,7.88,29.43,34.43,174.2,11.03,7.99,1.68,0.014,0.07,0.8,13,17,,,,,,,,,,,,,,,,,,,,,,,,,,,,,,,,,,,,,,,,,,,,,,,,,,,
06/10/2015,N,10,10,10,10,10,10,10,10,10,10,10,10,9,10,9,10,10,,,,,,,,,,,,,,,,,,,,,,,,,,,,,,,,,,,,,,,,,,,,,,,,,,,
06/17/2015,Mean,62.78,28.11,29.81,103.13,6.84,7.83,28.15,32.04,112.13,7.24,7.87,0.95,0.0024,0.03,0.10,3.4,1.8,,,,,,,,,,,,,,,,,,,,,,,,,,,,,,,,,,,,,,,,,,,,,,,,,,,
06/17/2015,Stdv,12.22,0.58,5.10,12.50,0.76,0.11,0.63,1.98,14.32,0.67,0.05,0.33,0.0035,0.02,0.07,3.7,3.1,,,,,,,,,,,,,,,,,,,,,,,,,,,,,,,,,,,,,,,,,,,,,,,,,,,
06/17/2015,Min,43,27.24,17.84,84.2,6.01,7.57,27.26,28.92,94.4,6.15,7.76,0.37,0,0,0.04,0,0,,,,,,,,,,,,,,,,,,,,,,,,,,,,,,,,,,,,,,,,,,,,,,,,,,,
06/17/2015,Max,83,28.91,34.15,130.1,8.6,7.96,28.94,34.11,140,8.22,7.94,1.3,0.009,0.07,0.25,12,8,,,,,,,,,,,,,,,,,,,,,,,,,,,,,,,,,,,,,,,,,,,,,,,,,,,
06/17/2015,N,9,9,9,9,9,9,9,9,9,9,9,9,9,9,9,9,9,,,,,,,,,,,,,,,,,,,,,,,,,,,,,,,,,,,,,,,,,,,,,,,,,,,
06/23/2015,Mean,56.22,26.27,28.61,94.44,6.50,7.78,26.61,29.30,94.28,6.51,7.80,0.43,0.0017,0.00,0.06,0.0,1.1,,,,,,,,,,,,,,,,,,,,,,,,,,,,,,,,,,,,,,,,,,,,,,,,,,,
06/23/2015,Stdv,6.50,0.54,4.28,5.34,0.22,0.06,0.28,3.26,6.49,0.43,0.04,0.48,0.0019,0.00,0.05,0.0,1.8,,,,,,,,,,,,,,,,,,,,,,,,,,,,,,,,,,,,,,,,,,,,,,,,,,,
06/23/2015,Min,48,25.24,21.9,87,6.12,7.7,26.3,25.96,80.7,5.56,7.75,0,0,0,0,0,0,,,,,,,,,,,,,,,,,,,,,,,,,,,,,,,,,,,,,,,,,,,,,,,,,,,
06/23/2015,Max,68,26.96,34.16,103.2,6.79,7.87,27.11,34.16,103.1,7.14,7.87,1.05,0.005,0,0.14,0.03,5,,,,,,,,,,,,,,,,,,,,,,,,,,,,,,,,,,,,,,,,,,,,,,,,,,,
06/23/2015,N,9,9,9,9,9,9,9,9,9,9,9,9,9,8,9,9,9,,,,,,,,,,,,,,,,,,,,,,,,,,,,,,,,,,,,,,,,,,,,,,,,,,,
06/25/2015,Mean,70.33,27.08,27.25,106.37,7.29,7.86,27.71,30.49,108.98,7.19,7.90,0.82,0.0020,0.01,0.07,0.0,4.1,,,,,,,,,,,,,,,,,,,,,,,,,,,,,,,,,,,,,,,,,,,,,,,,,,,
06/25/2015,Stdv,8.87,0.54,5.51,5.44,0.27,0.12,0.38,2.93,14.16,0.90,0.08,0.14,0.0027,0.02,0.05,0.0,4.9,,,,,,,,,,,,,,,,,,,,,,,,,,,,,,,,,,,,,,,,,,,,,,,,,,,
06/25/2015,Min,61,26.11,17.87,97.1,6.89,7.59,27.23,25.67,76.2,5.05,7.73,0.59,0,0,0,0,0,,,,,,,,,,,,,,,,,,,,,,,,,,,,,,,,,,,,,,,,,,,,,,,,,,,
06/25/2015,Max,92,27.71,34.36,116,7.7,7.96,28.25,34.3,123.5,8.1,7.98,1.03,0.008,0.05,0.17,0,13,,,,,,,,,,,,,,,,,,,,,,,,,,,,,,,,,,,,,,,,,,,,,,,,,,,
06/25/2015,N,9,9,9,9,9,9,9,9,9,9,9,9,9,9,9,9,9,,,,,,,,,,,,,,,,,,,,,,,,,,,,,,,,,,,,,,,,,,,,,,,,,,,
07/01/2015,Mean,92.80,32.94,32.32,132.53,8.01,7.94,31.47,34.43,126.44,7.65,7.94,1.03,0.0012,0.00,0.07,3.1,2.1,,,,,,,,,,,,,,,,,,,,,,,,,,,,,,,,,,,,,,,,,,,,,,,,,,,
07/01/2015,Stdv,9.68,2.31,3.67,21.90,1.17,0.05,1.75,0.38,17.60,0.67,0.02,0.26,0.0019,0.00,0.05,1.9,2.8,,,,,,,,,,,,,,,,,,,,,,,,,,,,,,,,,,,,,,,,,,,,,,,,,,,
07/01/2015,Min,72,29.36,22.34,106.3,6.5,7.83,29.32,33.72,103.4,6.78,7.9,0.67,0,0,0,0,0,,,,,,,,,,,,,,,,,,,,,,,,,,,,,,,,,,,,,,,,,,,,,,,,,,,
07/01/2015,Max,102,35.57,34.75,165.8,9.83,8.01,34.75,34.97,169.3,9.22,7.98,1.45,0.005,0,0.17,6,7,,,,,,,,,,,,,,,,,,,,,,,,,,,,,,,,,,,,,,,,,,,,,,,,,,,
07/01/2015,N,10,10,10,10,10,10,10,10,10,10,10,10,10,10,10,10,10,,,,,,,,,,,,,,,,,,,,,,,,,,,,,,,,,,,,,,,,,,,,,,,,,,,
07/07/2015,Mean,58.80,30.73,28.90,158.08,10.00,8.17,31.05,30.49,162.77,10.26,8.19,0.09,0.0234,0.00,0.04,4.6,5.7,,,,,,,,,,,,,,,,,,,,,,,,,,,,,,,,,,,,,,,,,,,,,,,,,,,
07/07/2015,Stdv,12.41,1.05,5.70,31.18,1.80,0.17,0.75,2.88,26.97,1.74,0.13,0.15,0.0691,0.01,0.04,3.7,5.2,,,,,,,,,,,,,,,,,,,,,,,,,,,,,,,,,,,,,,,,,,,,,,,,,,,
07/07/2015,Min,45,28.44,14.7,111.3,7.88,7.89,29.46,25.71,126.7,7.92,8.03,0,0,0,0,1,0,,,,,,,,,,,,,,,,,,,,,,,,,,,,,,,,,,,,,,,,,,,,,,,,,,,
07/07/2015,Max,81,31.65,34.98,208.9,13.29,8.41,31.83,34.98,208.3,13.27,8.41,0.42,0.22,0.02,0.1,14,17,,,,,,,,,,,,,,,,,,,,,,,,,,,,,,,,,,,,,,,,,,,,,,,,,,,
07/07/2015,N,10,10,10,10,10,10,10,10,10,10,10,10,10,10,9,10,10,,,,,,,,,,,,,,,,,,,,,,,,,,,,,,,,,,,,,,,,,,,,,,,,,,,
07/23/2015,Mean,50.89,27.56,25.03,99.58,6.98,7.79,28.06,29.51,103.33,6.90,7.90,0.26,0.0000,0.01,0.08,4.9,1.4,,,,,,,,,,,,,,,,,,,,,,,,,,,,,,,,,,,,,,,,,,,,,,,,,,,
07/23/2015,Stdv,8.13,0.71,9.54,13.41,0.87,0.21,0.41,3.37,14.37,0.95,0.13,0.26,0.0000,0.02,0.04,5.3,3.6,,,,,,,,,,,,,,,,,,,,,,,,,,,,,,,,,,,,,,,,,,,,,,,,,,,
07/23/2015,Min,39,26.07,7.87,75.9,5.8,7.38,27.54,24.18,70.2,4.79,7.59,0,0,0,0,0,0,,,,,,,,,,,,,,,,,,,,,,,,,,,,,,,,,,,,,,,,,,,,,,,,,,,
07/23/2015,Max,65,28.38,34.11,118.7,8.41,7.98,28.78,34.13,118.8,7.79,8.05,0.67,0,0.05,0.12,16,11,,,,,,,,,,,,,,,,,,,,,,,,,,,,,,,,,,,,,,,,,,,,,,,,,,,
07/23/2015,N,9,9,9,9,9,9,9,9,9,9,9,9,9,9,7,9,9,,,,,,,,,,,,,,,,,,,,,,,,,,,,,,,,,,,,,,,,,,,,,,,,,,,